component_name,metaValue_peak_apex_int_l,metaValue_peak_apex_int_u,metaValue_logSN_l,metaValue_logSN_u,retention_time_l,retention_time_u,retention_time_l_,retention_time_u_
Ala_232,500,5.00E+10,0.9,1.00E+06,167.7,187.7,867,897
Ala_233,500,5.00E+10,0.9,1.00E+06,167.7,187.7,867,897
Ala_234,500,5.00E+10,0.9,1.00E+06,167.7,187.7,867,897
Ala_260,500,5.00E+10,0.9,1.00E+06,167.7,187.7,867,897
Ala_261,500,5.00E+10,0.9,1.00E+06,167.7,187.7,867,897
Ala_262,500,5.00E+10,0.9,1.00E+06,167.7,187.7,867,897
Ala_263,500,5.00E+10,0.9,1.00E+06,167.7,187.7,867,897
Gly_218,500,5.00E+10,0.9,1.00E+06,175,195,190,196
Gly_219,500,5.00E+10,0.9,1.00E+06,175,195,190,196
Gly_246,500,5.00E+10,0.9,1.00E+06,175,195,190,196
Gly_247,500,5.00E+10,0.9,1.00E+06,175,195,190,196
Gly_248,500,5.00E+10,0.9,1.00E+06,175,195,190,196
Val_260,500,5.00E+10,0.9,1.00E+06,202.8,222.8,219,225
Val_261,500,5.00E+10,0.9,1.00E+06,202.8,222.8,219,225
Val_262,500,5.00E+10,0.9,1.00E+06,202.8,222.8,219,225
Val_263,500,5.00E+10,0.9,1.00E+06,202.8,222.8,219,225
Val_264,500,5.00E+10,0.9,1.00E+06,202.8,222.8,219,225
Val_288,500,5.00E+10,0.9,1.00E+06,202.8,222.8,219,225
Val_289,500,5.00E+10,0.9,1.00E+06,202.8,222.8,219,225
Val_290,500,5.00E+10,0.9,1.00E+06,202.8,222.8,219,225
Val_291,500,5.00E+10,0.9,1.00E+06,202.8,222.8,219,225
Val_292,500,5.00E+10,0.9,1.00E+06,202.8,222.8,219,225
Val_293,500,5.00E+10,0.9,1.00E+06,202.8,222.8,219,225
Leu_274,500,5.00E+10,0.9,1.00E+06,215,235,231,237
Leu_275,500,5.00E+10,0.9,1.00E+06,215,235,231,237
Leu_276,500,5.00E+10,0.9,1.00E+06,215,235,231,237
Leu_277,500,5.00E+10,0.9,1.00E+06,215,235,231,237
Leu_278,500,5.00E+10,0.9,1.00E+06,215,235,231,237
Leu_279,500,5.00E+10,0.9,1.00E+06,215,235,231,237
Ile_274,500,5.00E+10,0.9,1.00E+06,225,245,242,248
Ile_275,500,5.00E+10,0.9,1.00E+06,225,245,242,248
Ile_276,500,5.00E+10,0.9,1.00E+06,225,245,242,248
Ile_277,500,5.00E+10,0.9,1.00E+06,225,245,242,248
Ile_278,500,5.00E+10,0.9,1.00E+06,225,245,242,248
Ile_279,500,5.00E+10,0.9,1.00E+06,225,245,242,248
Pro_258,500,5.00E+10,0.9,1.00E+06,240,260,256,262
Pro_259,500,5.00E+10,0.9,1.00E+06,240,260,256,262
Pro_260,500,5.00E+10,0.9,1.00E+06,240,260,256,262
Pro_261,500,5.00E+10,0.9,1.00E+06,240,260,256,262
Pro_262,500,5.00E+10,0.9,1.00E+06,240,260,256,262
Ser_362,500,5.00E+10,0.9,1.00E+06,303,323,321,327
Ser_363,500,5.00E+10,0.9,1.00E+06,303,323,321,327
Ser_364,500,5.00E+10,0.9,1.00E+06,303,323,321,327
Ser_390,500,5.00E+10,0.9,1.00E+06,303,323,321,327
Ser_391,500,5.00E+10,0.9,1.00E+06,303,323,321,327
Ser_392,500,5.00E+10,0.9,1.00E+06,303,323,321,327
Ser_393,500,5.00E+10,0.9,1.00E+06,303,323,321,327
Thr_376,500,5.00E+10,0.9,1.00E+06,312,332,331,337
Thr_377,500,5.00E+10,0.9,1.00E+06,312,332,331,337
Thr_378,500,5.00E+10,0.9,1.00E+06,312,332,331,337
Thr_379,500,5.00E+10,0.9,1.00E+06,312,332,331,337
Thr_404,500,5.00E+10,0.9,1.00E+06,312,332,331,337
Thr_405,500,5.00E+10,0.9,1.00E+06,312,332,331,337
Thr_406,500,5.00E+10,0.9,1.00E+06,312,332,331,337
Thr_407,500,5.00E+10,0.9,1.00E+06,312,332,331,337
Thr_408,500,5.00E+10,0.9,1.00E+06,312,332,331,337
Phe_302,300,5.00E+10,0.9,1.00E+06,335.7,355.7,353,359
Phe_303,300,5.00E+10,0.9,1.00E+06,335.7,355.7,353,359
Phe_304,300,5.00E+10,0.9,1.00E+06,335.7,355.7,353,359
Phe_308,300,5.00E+10,0.9,1.00E+06,335.7,355.7,353,359
Phe_309,300,5.00E+10,0.9,1.00E+06,335.7,355.7,353,359
Phe_310,300,5.00E+10,0.9,1.00E+06,335.7,355.7,353,359
Phe_311,300,5.00E+10,0.9,1.00E+06,335.7,355.7,353,359
Phe_312,300,5.00E+10,0.9,1.00E+06,335.7,355.7,353,359
Phe_313,300,5.00E+10,0.9,1.00E+06,335.7,355.7,353,359
Phe_314,300,5.00E+10,0.9,1.00E+06,335.7,355.7,353,359
Phe_315,300,5.00E+10,0.9,1.00E+06,335.7,355.7,353,359
Phe_316,300,5.00E+10,0.9,1.00E+06,335.7,355.7,353,359
Phe_336,300,5.00E+10,0.9,1.00E+06,335.7,355.7,353,359
Phe_337,300,5.00E+10,0.9,1.00E+06,335.7,355.7,353,359
Phe_338,300,5.00E+10,0.9,1.00E+06,335.7,355.7,353,359
Phe_339,300,5.00E+10,0.9,1.00E+06,335.7,355.7,353,359
Phe_340,300,5.00E+10,0.9,1.00E+06,335.7,355.7,353,359
Phe_341,300,5.00E+10,0.9,1.00E+06,335.7,355.7,353,359
Phe_342,300,5.00E+10,0.9,1.00E+06,335.7,355.7,353,359
Phe_343,300,5.00E+10,0.9,1.00E+06,335.7,355.7,353,359
Phe_344,300,5.00E+10,0.9,1.00E+06,335.7,355.7,353,359
Phe_345,300,5.00E+10,0.9,1.00E+06,335.7,355.7,353,359
Asp_302,500,5.00E+10,0.9,1.00E+06,351,371,369,375
Asp_303,500,5.00E+10,0.9,1.00E+06,351,371,369,375
Asp_304,500,5.00E+10,0.9,1.00E+06,351,371,369,375
Asp_390,500,5.00E+10,0.9,1.00E+06,351,371,369,375
Asp_391,500,5.00E+10,0.9,1.00E+06,351,371,369,375
Asp_392,500,5.00E+10,0.9,1.00E+06,351,371,369,375
Asp_393,500,5.00E+10,0.9,1.00E+06,351,371,369,375
Asp_418,500,5.00E+10,0.9,1.00E+06,351,371,369,375
Asp_419,500,5.00E+10,0.9,1.00E+06,351,371,369,375
Asp_420,500,5.00E+10,0.9,1.00E+06,351,371,369,375
Asp_421,500,5.00E+10,0.9,1.00E+06,351,371,369,375
Asp_422,500,5.00E+10,0.9,1.00E+06,351,371,369,375
Glu_330,500,5.00E+10,0.9,1.00E+06,384,404,401,407
Glu_331,500,5.00E+10,0.9,1.00E+06,384,404,401,407
Glu_332,500,5.00E+10,0.9,1.00E+06,384,404,401,407
Glu_333,500,5.00E+10,0.9,1.00E+06,384,404,401,407
Glu_334,500,5.00E+10,0.9,1.00E+06,384,404,401,407
Glu_432,500,5.00E+10,0.9,1.00E+06,384,404,401,407
Glu_433,500,5.00E+10,0.9,1.00E+06,384,404,401,407
Glu_434,500,5.00E+10,0.9,1.00E+06,384,404,401,407
Glu_435,500,5.00E+10,0.9,1.00E+06,384,404,401,407
Glu_436,500,5.00E+10,0.9,1.00E+06,384,404,401,407
Glu_437,500,5.00E+10,0.9,1.00E+06,384,404,401,407
Lys_329,500,5.00E+10,0.9,1.00E+06,412,432,430,437
Lys_330,500,5.00E+10,0.9,1.00E+06,412,432,430,437
Lys_331,500,5.00E+10,0.9,1.00E+06,412,432,430,437
Lys_332,500,5.00E+10,0.9,1.00E+06,412,432,430,437
Lys_333,500,5.00E+10,0.9,1.00E+06,412,432,430,437
Lys_334,500,5.00E+10,0.9,1.00E+06,412,432,430,437
Lys_431,500,5.00E+10,0.9,1.00E+06,412,432,430,437
Lys_432,500,5.00E+10,0.9,1.00E+06,412,432,430,437
Lys_433,500,5.00E+10,0.9,1.00E+06,412,432,430,437
Lys_434,500,5.00E+10,0.9,1.00E+06,412,432,430,437
Lys_435,500,5.00E+10,0.9,1.00E+06,412,432,430,437
Lys_436,500,5.00E+10,0.9,1.00E+06,412,432,430,437
Lys_437,500,5.00E+10,0.9,1.00E+06,412,432,430,437
His_338,500,5.00E+10,0.9,1.00E+06,464,484,481,487
His_339,500,5.00E+10,0.9,1.00E+06,464,484,481,487
His_340,500,5.00E+10,0.9,1.00E+06,464,484,481,487
His_341,500,5.00E+10,0.9,1.00E+06,464,484,481,487
His_342,500,5.00E+10,0.9,1.00E+06,464,484,481,487
His_343,500,5.00E+10,0.9,1.00E+06,464,484,481,487
His_440,500,5.00E+10,0.9,1.00E+06,464,484,481,487
His_441,500,5.00E+10,0.9,1.00E+06,464,484,481,487
His_442,500,5.00E+10,0.9,1.00E+06,464,484,481,487
His_443,500,5.00E+10,0.9,1.00E+06,464,484,481,487
His_444,500,5.00E+10,0.9,1.00E+06,464,484,481,487
His_445,500,5.00E+10,0.9,1.00E+06,464,484,481,487
His_446,500,5.00E+10,0.9,1.00E+06,464,484,481,487
Tyr_302,500,5.00E+10,0.9,1.00E+06,475,495,493,499
Tyr_303,500,5.00E+10,0.9,1.00E+06,475,495,493,499
Tyr_304,500,5.00E+10,0.9,1.00E+06,475,495,493,499
