component_name,metaValue_peak_apex_int_l,metaValue_peak_apex_int_u,metaValue_peak_apex_int_l,metaValue_peak_apex_int_u,metaValue_peak_apex_position_l,metaValue_peak_apex_position_u,metaValue_total_width_l,metaValue_total_width_u,metaValue_width_at_50_l,metaValue_width_at_50_u,metaValue_tailing_factor_l,metaValue_tailing_factor_u,metaValue_asymmetry_factor_l,metaValue_asymmetry_factor_u,metaValue_baseline_delta_2_height_l,metaValue_baseline_delta_2_height_u,metaValue_points_across_baseline_l,metaValue_points_across_baseline_u,metaValue_points_across_half_height_l,metaValue_points_across_half_height_u,metaValue_logSN_l,metaValue_logSN_u,metaValue_calculated_concentration_l,metaValue_calculated_concentration_u
Ala_232,100,5.00E+06,100,4.00E+06,0.00E+00,1.00E+02,0.1,1,0.001,0.25,0,2,0.8,2.5,-0.25,0.25,20,500,5,500,0.9,1.00E+06,0,1.00E+12
Ala_233,100,5.00E+06,100,4.00E+06,0.00E+00,1.00E+02,0.1,1,0.001,0.25,0,2,0.8,2.5,-0.25,0.25,20,500,5,500,0.9,1.00E+06,0,1.00E+12
Ala_234,100,5.00E+06,100,4.00E+06,0.00E+00,1.00E+02,0.1,1,0.001,0.25,0,2,0.8,2.5,-0.25,0.25,20,500,5,500,0.9,1.00E+06,0,1.00E+12
Ala_260,100,5.00E+06,100,4.00E+06,0.00E+00,1.00E+02,0.1,1,0.001,0.25,0,2,0.8,2.5,-0.25,0.25,20,500,5,500,0.9,1.00E+06,0,1.00E+12
Ala_261,100,5.00E+06,100,4.00E+06,0.00E+00,1.00E+02,0.1,1,0.001,0.25,0,2,0.8,2.5,-0.25,0.25,20,500,5,500,0.9,1.00E+06,0,1.00E+12
Ala_262,100,5.00E+06,100,4.00E+06,0.00E+00,1.00E+02,0.1,1,0.001,0.25,0,2,0.8,2.5,-0.25,0.25,20,500,5,500,0.9,1.00E+06,0,1.00E+12
Ala_263,100,5.00E+06,100,4.00E+06,0.00E+00,1.00E+02,0.1,1,0.001,0.25,0,2,0.8,2.5,-0.25,0.25,20,500,5,500,0.9,1.00E+06,0,1.00E+12
Gly_218,100,5.00E+06,100,4.00E+06,0.00E+00,1.00E+02,0.1,1,0.001,0.25,0,2,0.8,2.5,-0.25,0.25,20,500,5,500,0.9,1.00E+06,0,1.00E+12
Gly_219,100,5.00E+06,100,4.00E+06,0.00E+00,1.00E+02,0.1,1,0.001,0.25,0,2,0.8,2.5,-0.25,0.25,20,500,5,500,0.9,1.00E+06,0,1.00E+12
Gly_246,100,5.00E+06,100,4.00E+06,0.00E+00,1.00E+02,0.1,1,0.001,0.25,0,2,0.8,2.5,-0.25,0.25,20,500,5,500,0.9,1.00E+06,0,1.00E+12
Gly_247,100,5.00E+06,100,4.00E+06,0.00E+00,1.00E+02,0.1,1,0.001,0.25,0,2,0.8,2.5,-0.25,0.25,20,500,5,500,0.9,1.00E+06,0,1.00E+12
Gly_248,100,5.00E+06,100,4.00E+06,0.00E+00,1.00E+02,0.1,1,0.001,0.25,0,2,0.8,2.5,-0.25,0.25,20,500,5,500,0.9,1.00E+06,0,1.00E+12
Val_260,100,5.00E+06,100,4.00E+06,0.00E+00,1.00E+02,0.1,1,0.001,0.25,0,2,0.8,2.5,-0.25,0.25,20,500,5,500,0.9,1.00E+06,0,1.00E+12
Val_261,100,5.00E+06,100,4.00E+06,0.00E+00,1.00E+02,0.1,1,0.001,0.25,0,2,0.8,2.5,-0.25,0.25,20,500,5,500,0.9,1.00E+06,0,1.00E+12
Val_262,100,5.00E+06,100,4.00E+06,0.00E+00,1.00E+02,0.1,1,0.001,0.25,0,2,0.8,2.5,-0.25,0.25,20,500,5,500,0.9,1.00E+06,0,1.00E+12
Val_263,100,5.00E+06,100,4.00E+06,0.00E+00,1.00E+02,0.1,1,0.001,0.25,0,2,0.8,2.5,-0.25,0.25,20,500,5,500,0.9,1.00E+06,0,1.00E+12
Val_264,100,5.00E+06,100,4.00E+06,0.00E+00,1.00E+02,0.1,1,0.001,0.25,0,2,0.8,2.5,-0.25,0.25,20,500,5,500,0.9,1.00E+06,0,1.00E+12
Val_288,100,5.00E+06,100,4.00E+06,0.00E+00,1.00E+02,0.1,1,0.001,0.25,0,2,0.8,2.5,-0.25,0.25,20,500,5,500,0.9,1.00E+06,0,1.00E+12
Val_289,100,5.00E+06,100,4.00E+06,0.00E+00,1.00E+02,0.1,1,0.001,0.25,0,2,0.8,2.5,-0.25,0.25,20,500,5,500,0.9,1.00E+06,0,1.00E+12
Val_290,100,5.00E+06,100,4.00E+06,0.00E+00,1.00E+02,0.1,1,0.001,0.25,0,2,0.8,2.5,-0.25,0.25,20,500,5,500,0.9,1.00E+06,0,1.00E+12
Val_291,100,5.00E+06,100,4.00E+06,0.00E+00,1.00E+02,0.1,1,0.001,0.25,0,2,0.8,2.5,-0.25,0.25,20,500,5,500,0.9,1.00E+06,0,1.00E+12
Val_292,100,5.00E+06,100,4.00E+06,0.00E+00,1.00E+02,0.1,1,0.001,0.25,0,2,0.8,2.5,-0.25,0.25,20,500,5,500,0.9,1.00E+06,0,1.00E+12
Val_293,100,5.00E+06,100,4.00E+06,0.00E+00,1.00E+02,0.1,1,0.001,0.25,0,2,0.8,2.5,-0.25,0.25,20,500,5,500,0.9,1.00E+06,0,1.00E+12
Leu_274,100,5.00E+06,100,4.00E+06,0.00E+00,1.00E+02,0.1,1,0.001,0.25,0,2,0.8,2.5,-0.25,0.25,20,500,5,500,0.9,1.00E+06,0,1.00E+12
Leu_275,100,5.00E+06,100,4.00E+06,0.00E+00,1.00E+02,0.1,1,0.001,0.25,0,2,0.8,2.5,-0.25,0.25,20,500,5,500,0.9,1.00E+06,0,1.00E+12
Leu_276,100,5.00E+06,100,4.00E+06,0.00E+00,1.00E+02,0.1,1,0.001,0.25,0,2,0.8,2.5,-0.25,0.25,20,500,5,500,0.9,1.00E+06,0,1.00E+12
Leu_277,100,5.00E+06,100,4.00E+06,0.00E+00,1.00E+02,0.1,1,0.001,0.25,0,2,0.8,2.5,-0.25,0.25,20,500,5,500,0.9,1.00E+06,0,1.00E+12
Leu_278,100,5.00E+06,100,4.00E+06,0.00E+00,1.00E+02,0.1,1,0.001,0.25,0,2,0.8,2.5,-0.25,0.25,20,500,5,500,0.9,1.00E+06,0,1.00E+12
Leu_279,100,5.00E+06,100,4.00E+06,0.00E+00,1.00E+02,0.1,1,0.001,0.25,0,2,0.8,2.5,-0.25,0.25,20,500,5,500,0.9,1.00E+06,0,1.00E+12
Ile_274,100,5.00E+06,100,4.00E+06,0.00E+00,1.00E+02,0.1,1,0.001,0.25,0,2,0.8,2.5,-0.25,0.25,20,500,5,500,0.9,1.00E+06,0,1.00E+12
Ile_275,100,5.00E+06,100,4.00E+06,0.00E+00,1.00E+02,0.1,1,0.001,0.25,0,2,0.8,2.5,-0.25,0.25,20,500,5,500,0.9,1.00E+06,0,1.00E+12
Ile_276,100,5.00E+06,100,4.00E+06,0.00E+00,1.00E+02,0.1,1,0.001,0.25,0,2,0.8,2.5,-0.25,0.25,20,500,5,500,0.9,1.00E+06,0,1.00E+12
Ile_277,100,5.00E+06,100,4.00E+06,0.00E+00,1.00E+02,0.1,1,0.001,0.25,0,2,0.8,2.5,-0.25,0.25,20,500,5,500,0.9,1.00E+06,0,1.00E+12
Ile_278,100,5.00E+06,100,4.00E+06,0.00E+00,1.00E+02,0.1,1,0.001,0.25,0,2,0.8,2.5,-0.25,0.25,20,500,5,500,0.9,1.00E+06,0,1.00E+12
Ile_279,100,5.00E+06,100,4.00E+06,0.00E+00,1.00E+02,0.1,1,0.001,0.25,0,2,0.8,2.5,-0.25,0.25,20,500,5,500,0.9,1.00E+06,0,1.00E+12
Pro_258,100,5.00E+06,100,4.00E+06,0.00E+00,1.00E+02,0.1,1,0.001,0.25,0,2,0.8,2.5,-0.25,0.25,20,500,5,500,0.9,1.00E+06,0,1.00E+12
Pro_259,100,5.00E+06,100,4.00E+06,0.00E+00,1.00E+02,0.1,1,0.001,0.25,0,2,0.8,2.5,-0.25,0.25,20,500,5,500,0.9,1.00E+06,0,1.00E+12
Pro_260,100,5.00E+06,100,4.00E+06,0.00E+00,1.00E+02,0.1,1,0.001,0.25,0,2,0.8,2.5,-0.25,0.25,20,500,5,500,0.9,1.00E+06,0,1.00E+12
Pro_261,100,5.00E+06,100,4.00E+06,0.00E+00,1.00E+02,0.1,1,0.001,0.25,0,2,0.8,2.5,-0.25,0.25,20,500,5,500,0.9,1.00E+06,0,1.00E+12
Pro_262,100,5.00E+06,100,4.00E+06,0.00E+00,1.00E+02,0.1,1,0.001,0.25,0,2,0.8,2.5,-0.25,0.25,20,500,5,500,0.9,1.00E+06,0,1.00E+12
Ser_362,100,5.00E+06,100,4.00E+06,0.00E+00,1.00E+02,0.1,1,0.001,0.25,0,2,0.8,2.5,-0.25,0.25,20,500,5,500,0.9,1.00E+06,0,1.00E+12
Ser_363,100,5.00E+06,100,4.00E+06,0.00E+00,1.00E+02,0.1,1,0.001,0.25,0,2,0.8,2.5,-0.25,0.25,20,500,5,500,0.9,1.00E+06,0,1.00E+12
Ser_364,100,5.00E+06,100,4.00E+06,0.00E+00,1.00E+02,0.1,1,0.001,0.25,0,2,0.8,2.5,-0.25,0.25,20,500,5,500,0.9,1.00E+06,0,1.00E+12
Ser_390,100,5.00E+06,100,4.00E+06,0.00E+00,1.00E+02,0.1,1,0.001,0.25,0,2,0.8,2.5,-0.25,0.25,20,500,5,500,0.9,1.00E+06,0,1.00E+12
Ser_391,100,5.00E+06,100,4.00E+06,0.00E+00,1.00E+02,0.1,1,0.001,0.25,0,2,0.8,2.5,-0.25,0.25,20,500,5,500,0.9,1.00E+06,0,1.00E+12
Ser_392,100,5.00E+06,100,4.00E+06,0.00E+00,1.00E+02,0.1,1,0.001,0.25,0,2,0.8,2.5,-0.25,0.25,20,500,5,500,0.9,1.00E+06,0,1.00E+12
Ser_393,100,5.00E+06,100,4.00E+06,0.00E+00,1.00E+02,0.1,1,0.001,0.25,0,2,0.8,2.5,-0.25,0.25,20,500,5,500,0.9,1.00E+06,0,1.00E+12
Thr_376,100,5.00E+06,100,4.00E+06,0.00E+00,1.00E+02,0.1,1,0.001,0.25,0,2,0.8,2.5,-0.25,0.25,20,500,5,500,0.9,1.00E+06,0,1.00E+12
Thr_377,100,5.00E+06,100,4.00E+06,0.00E+00,1.00E+02,0.1,1,0.001,0.25,0,2,0.8,2.5,-0.25,0.25,20,500,5,500,0.9,1.00E+06,0,1.00E+12
Thr_378,100,5.00E+06,100,4.00E+06,0.00E+00,1.00E+02,0.1,1,0.001,0.25,0,2,0.8,2.5,-0.25,0.25,20,500,5,500,0.9,1.00E+06,0,1.00E+12
Thr_379,100,5.00E+06,100,4.00E+06,0.00E+00,1.00E+02,0.1,1,0.001,0.25,0,2,0.8,2.5,-0.25,0.25,20,500,5,500,0.9,1.00E+06,0,1.00E+12
Thr_404,100,5.00E+06,100,4.00E+06,0.00E+00,1.00E+02,0.1,1,0.001,0.25,0,2,0.8,2.5,-0.25,0.25,20,500,5,500,0.9,1.00E+06,0,1.00E+12
Thr_405,100,5.00E+06,100,4.00E+06,0.00E+00,1.00E+02,0.1,1,0.001,0.25,0,2,0.8,2.5,-0.25,0.25,20,500,5,500,0.9,1.00E+06,0,1.00E+12
Thr_406,100,5.00E+06,100,4.00E+06,0.00E+00,1.00E+02,0.1,1,0.001,0.25,0,2,0.8,2.5,-0.25,0.25,20,500,5,500,0.9,1.00E+06,0,1.00E+12
Thr_407,100,5.00E+06,100,4.00E+06,0.00E+00,1.00E+02,0.1,1,0.001,0.25,0,2,0.8,2.5,-0.25,0.25,20,500,5,500,0.9,1.00E+06,0,1.00E+12
Thr_408,100,5.00E+06,100,4.00E+06,0.00E+00,1.00E+02,0.1,1,0.001,0.25,0,2,0.8,2.5,-0.25,0.25,20,500,5,500,0.9,1.00E+06,0,1.00E+12
Phe_302,100,5.00E+06,100,4.00E+06,0.00E+00,1.00E+02,0.1,1,0.001,0.25,0,2,0.8,2.5,-0.25,0.25,20,500,5,500,0.9,1.00E+06,0,1.00E+12
Phe_303,100,5.00E+06,100,4.00E+06,0.00E+00,1.00E+02,0.1,1,0.001,0.25,0,2,0.8,2.5,-0.25,0.25,20,500,5,500,0.9,1.00E+06,0,1.00E+12
Phe_304,100,5.00E+06,100,4.00E+06,0.00E+00,1.00E+02,0.1,1,0.001,0.25,0,2,0.8,2.5,-0.25,0.25,20,500,5,500,0.9,1.00E+06,0,1.00E+12
Phe_308,100,5.00E+06,100,4.00E+06,0.00E+00,1.00E+02,0.1,1,0.001,0.25,0,2,0.8,2.5,-0.25,0.25,20,500,5,500,0.9,1.00E+06,0,1.00E+12
Phe_309,100,5.00E+06,100,4.00E+06,0.00E+00,1.00E+02,0.1,1,0.001,0.25,0,2,0.8,2.5,-0.25,0.25,20,500,5,500,0.9,1.00E+06,0,1.00E+12
Phe_310,100,5.00E+06,100,4.00E+06,0.00E+00,1.00E+02,0.1,1,0.001,0.25,0,2,0.8,2.5,-0.25,0.25,20,500,5,500,0.9,1.00E+06,0,1.00E+12
Phe_311,100,5.00E+06,100,4.00E+06,0.00E+00,1.00E+02,0.1,1,0.001,0.25,0,2,0.8,2.5,-0.25,0.25,20,500,5,500,0.9,1.00E+06,0,1.00E+12
Phe_312,100,5.00E+06,100,4.00E+06,0.00E+00,1.00E+02,0.1,1,0.001,0.25,0,2,0.8,2.5,-0.25,0.25,20,500,5,500,0.9,1.00E+06,0,1.00E+12
Phe_313,100,5.00E+06,100,4.00E+06,0.00E+00,1.00E+02,0.1,1,0.001,0.25,0,2,0.8,2.5,-0.25,0.25,20,500,5,500,0.9,1.00E+06,0,1.00E+12
Phe_314,100,5.00E+06,100,4.00E+06,0.00E+00,1.00E+02,0.1,1,0.001,0.25,0,2,0.8,2.5,-0.25,0.25,20,500,5,500,0.9,1.00E+06,0,1.00E+12
Phe_315,100,5.00E+06,100,4.00E+06,0.00E+00,1.00E+02,0.1,1,0.001,0.25,0,2,0.8,2.5,-0.25,0.25,20,500,5,500,0.9,1.00E+06,0,1.00E+12
Phe_316,100,5.00E+06,100,4.00E+06,0.00E+00,1.00E+02,0.1,1,0.001,0.25,0,2,0.8,2.5,-0.25,0.25,20,500,5,500,0.9,1.00E+06,0,1.00E+12
Phe_336,100,5.00E+06,100,4.00E+06,0.00E+00,1.00E+02,0.1,1,0.001,0.25,0,2,0.8,2.5,-0.25,0.25,20,500,5,500,0.9,1.00E+06,0,1.00E+12
Phe_337,100,5.00E+06,100,4.00E+06,0.00E+00,1.00E+02,0.1,1,0.001,0.25,0,2,0.8,2.5,-0.25,0.25,20,500,5,500,0.9,1.00E+06,0,1.00E+12
Phe_338,100,5.00E+06,100,4.00E+06,0.00E+00,1.00E+02,0.1,1,0.001,0.25,0,2,0.8,2.5,-0.25,0.25,20,500,5,500,0.9,1.00E+06,0,1.00E+12
Phe_339,100,5.00E+06,100,4.00E+06,0.00E+00,1.00E+02,0.1,1,0.001,0.25,0,2,0.8,2.5,-0.25,0.25,20,500,5,500,0.9,1.00E+06,0,1.00E+12
Phe_340,100,5.00E+06,100,4.00E+06,0.00E+00,1.00E+02,0.1,1,0.001,0.25,0,2,0.8,2.5,-0.25,0.25,20,500,5,500,0.9,1.00E+06,0,1.00E+12
Phe_341,100,5.00E+06,100,4.00E+06,0.00E+00,1.00E+02,0.1,1,0.001,0.25,0,2,0.8,2.5,-0.25,0.25,20,500,5,500,0.9,1.00E+06,0,1.00E+12
Phe_342,100,5.00E+06,100,4.00E+06,0.00E+00,1.00E+02,0.1,1,0.001,0.25,0,2,0.8,2.5,-0.25,0.25,20,500,5,500,0.9,1.00E+06,0,1.00E+12
Phe_343,100,5.00E+06,100,4.00E+06,0.00E+00,1.00E+02,0.1,1,0.001,0.25,0,2,0.8,2.5,-0.25,0.25,20,500,5,500,0.9,1.00E+06,0,1.00E+12
Phe_344,100,5.00E+06,100,4.00E+06,0.00E+00,1.00E+02,0.1,1,0.001,0.25,0,2,0.8,2.5,-0.25,0.25,20,500,5,500,0.9,1.00E+06,0,1.00E+12
Phe_345,100,5.00E+06,100,4.00E+06,0.00E+00,1.00E+02,0.1,1,0.001,0.25,0,2,0.8,2.5,-0.25,0.25,20,500,5,500,0.9,1.00E+06,0,1.00E+12
Asp_302,100,5.00E+06,100,4.00E+06,0.00E+00,1.00E+02,0.1,1,0.001,0.25,0,2,0.8,2.5,-0.25,0.25,20,500,5,500,0.9,1.00E+06,0,1.00E+12
Asp_303,100,5.00E+06,100,4.00E+06,0.00E+00,1.00E+02,0.1,1,0.001,0.25,0,2,0.8,2.5,-0.25,0.25,20,500,5,500,0.9,1.00E+06,0,1.00E+12
Asp_304,100,5.00E+06,100,4.00E+06,0.00E+00,1.00E+02,0.1,1,0.001,0.25,0,2,0.8,2.5,-0.25,0.25,20,500,5,500,0.9,1.00E+06,0,1.00E+12
Asp_390,100,5.00E+06,100,4.00E+06,0.00E+00,1.00E+02,0.1,1,0.001,0.25,0,2,0.8,2.5,-0.25,0.25,20,500,5,500,0.9,1.00E+06,0,1.00E+12
Asp_391,100,5.00E+06,100,4.00E+06,0.00E+00,1.00E+02,0.1,1,0.001,0.25,0,2,0.8,2.5,-0.25,0.25,20,500,5,500,0.9,1.00E+06,0,1.00E+12
Asp_392,100,5.00E+06,100,4.00E+06,0.00E+00,1.00E+02,0.1,1,0.001,0.25,0,2,0.8,2.5,-0.25,0.25,20,500,5,500,0.9,1.00E+06,0,1.00E+12
Asp_393,100,5.00E+06,100,4.00E+06,0.00E+00,1.00E+02,0.1,1,0.001,0.25,0,2,0.8,2.5,-0.25,0.25,20,500,5,500,0.9,1.00E+06,0,1.00E+12
Asp_418,100,5.00E+06,100,4.00E+06,0.00E+00,1.00E+02,0.1,1,0.001,0.25,0,2,0.8,2.5,-0.25,0.25,20,500,5,500,0.9,1.00E+06,0,1.00E+12
Asp_419,100,5.00E+06,100,4.00E+06,0.00E+00,1.00E+02,0.1,1,0.001,0.25,0,2,0.8,2.5,-0.25,0.25,20,500,5,500,0.9,1.00E+06,0,1.00E+12
Asp_420,100,5.00E+06,100,4.00E+06,0.00E+00,1.00E+02,0.1,1,0.001,0.25,0,2,0.8,2.5,-0.25,0.25,20,500,5,500,0.9,1.00E+06,0,1.00E+12
Asp_421,100,5.00E+06,100,4.00E+06,0.00E+00,1.00E+02,0.1,1,0.001,0.25,0,2,0.8,2.5,-0.25,0.25,20,500,5,500,0.9,1.00E+06,0,1.00E+12
Asp_422,100,5.00E+06,100,4.00E+06,0.00E+00,1.00E+02,0.1,1,0.001,0.25,0,2,0.8,2.5,-0.25,0.25,20,500,5,500,0.9,1.00E+06,0,1.00E+12
Glu_330,100,5.00E+06,100,4.00E+06,0.00E+00,1.00E+02,0.1,1,0.001,0.25,0,2,0.8,2.5,-0.25,0.25,20,500,5,500,0.9,1.00E+06,0,1.00E+12
Glu_331,100,5.00E+06,100,4.00E+06,0.00E+00,1.00E+02,0.1,1,0.001,0.25,0,2,0.8,2.5,-0.25,0.25,20,500,5,500,0.9,1.00E+06,0,1.00E+12
Glu_332,100,5.00E+06,100,4.00E+06,0.00E+00,1.00E+02,0.1,1,0.001,0.25,0,2,0.8,2.5,-0.25,0.25,20,500,5,500,0.9,1.00E+06,0,1.00E+12
Glu_333,100,5.00E+06,100,4.00E+06,0.00E+00,1.00E+02,0.1,1,0.001,0.25,0,2,0.8,2.5,-0.25,0.25,20,500,5,500,0.9,1.00E+06,0,1.00E+12
Glu_334,100,5.00E+06,100,4.00E+06,0.00E+00,1.00E+02,0.1,1,0.001,0.25,0,2,0.8,2.5,-0.25,0.25,20,500,5,500,0.9,1.00E+06,0,1.00E+12
Glu_432,100,5.00E+06,100,4.00E+06,0.00E+00,1.00E+02,0.1,1,0.001,0.25,0,2,0.8,2.5,-0.25,0.25,20,500,5,500,0.9,1.00E+06,0,1.00E+12
Glu_433,100,5.00E+06,100,4.00E+06,0.00E+00,1.00E+02,0.1,1,0.001,0.25,0,2,0.8,2.5,-0.25,0.25,20,500,5,500,0.9,1.00E+06,0,1.00E+12
Glu_434,100,5.00E+06,100,4.00E+06,0.00E+00,1.00E+02,0.1,1,0.001,0.25,0,2,0.8,2.5,-0.25,0.25,20,500,5,500,0.9,1.00E+06,0,1.00E+12
Glu_435,100,5.00E+06,100,4.00E+06,0.00E+00,1.00E+02,0.1,1,0.001,0.25,0,2,0.8,2.5,-0.25,0.25,20,500,5,500,0.9,1.00E+06,0,1.00E+12
Glu_436,100,5.00E+06,100,4.00E+06,0.00E+00,1.00E+02,0.1,1,0.001,0.25,0,2,0.8,2.5,-0.25,0.25,20,500,5,500,0.9,1.00E+06,0,1.00E+12
Glu_437,100,5.00E+06,100,4.00E+06,0.00E+00,1.00E+02,0.1,1,0.001,0.25,0,2,0.8,2.5,-0.25,0.25,20,500,5,500,0.9,1.00E+06,0,1.00E+12
Lys_329,100,5.00E+06,100,4.00E+06,0.00E+00,1.00E+02,0.1,1,0.001,0.25,0,2,0.8,2.5,-0.25,0.25,20,500,5,500,0.9,1.00E+06,0,1.00E+12
Lys_330,100,5.00E+06,100,4.00E+06,0.00E+00,1.00E+02,0.1,1,0.001,0.25,0,2,0.8,2.5,-0.25,0.25,20,500,5,500,0.9,1.00E+06,0,1.00E+12
Lys_331,100,5.00E+06,100,4.00E+06,0.00E+00,1.00E+02,0.1,1,0.001,0.25,0,2,0.8,2.5,-0.25,0.25,20,500,5,500,0.9,1.00E+06,0,1.00E+12
Lys_332,100,5.00E+06,100,4.00E+06,0.00E+00,1.00E+02,0.1,1,0.001,0.25,0,2,0.8,2.5,-0.25,0.25,20,500,5,500,0.9,1.00E+06,0,1.00E+12
Lys_333,100,5.00E+06,100,4.00E+06,0.00E+00,1.00E+02,0.1,1,0.001,0.25,0,2,0.8,2.5,-0.25,0.25,20,500,5,500,0.9,1.00E+06,0,1.00E+12
Lys_334,100,5.00E+06,100,4.00E+06,0.00E+00,1.00E+02,0.1,1,0.001,0.25,0,2,0.8,2.5,-0.25,0.25,20,500,5,500,0.9,1.00E+06,0,1.00E+12
Lys_431,100,5.00E+06,100,4.00E+06,0.00E+00,1.00E+02,0.1,1,0.001,0.25,0,2,0.8,2.5,-0.25,0.25,20,500,5,500,0.9,1.00E+06,0,1.00E+12
Lys_432,100,5.00E+06,100,4.00E+06,0.00E+00,1.00E+02,0.1,1,0.001,0.25,0,2,0.8,2.5,-0.25,0.25,20,500,5,500,0.9,1.00E+06,0,1.00E+12
Lys_433,100,5.00E+06,100,4.00E+06,0.00E+00,1.00E+02,0.1,1,0.001,0.25,0,2,0.8,2.5,-0.25,0.25,20,500,5,500,0.9,1.00E+06,0,1.00E+12
Lys_434,100,5.00E+06,100,4.00E+06,0.00E+00,1.00E+02,0.1,1,0.001,0.25,0,2,0.8,2.5,-0.25,0.25,20,500,5,500,0.9,1.00E+06,0,1.00E+12
Lys_435,100,5.00E+06,100,4.00E+06,0.00E+00,1.00E+02,0.1,1,0.001,0.25,0,2,0.8,2.5,-0.25,0.25,20,500,5,500,0.9,1.00E+06,0,1.00E+12
Lys_436,100,5.00E+06,100,4.00E+06,0.00E+00,1.00E+02,0.1,1,0.001,0.25,0,2,0.8,2.5,-0.25,0.25,20,500,5,500,0.9,1.00E+06,0,1.00E+12
Lys_437,100,5.00E+06,100,4.00E+06,0.00E+00,1.00E+02,0.1,1,0.001,0.25,0,2,0.8,2.5,-0.25,0.25,20,500,5,500,0.9,1.00E+06,0,1.00E+12
His_338,100,5.00E+06,100,4.00E+06,0.00E+00,1.00E+02,0.1,1,0.001,0.25,0,2,0.8,2.5,-0.25,0.25,20,500,5,500,0.9,1.00E+06,0,1.00E+12
His_339,100,5.00E+06,100,4.00E+06,0.00E+00,1.00E+02,0.1,1,0.001,0.25,0,2,0.8,2.5,-0.25,0.25,20,500,5,500,0.9,1.00E+06,0,1.00E+12
His_340,100,5.00E+06,100,4.00E+06,0.00E+00,1.00E+02,0.1,1,0.001,0.25,0,2,0.8,2.5,-0.25,0.25,20,500,5,500,0.9,1.00E+06,0,1.00E+12
His_341,100,5.00E+06,100,4.00E+06,0.00E+00,1.00E+02,0.1,1,0.001,0.25,0,2,0.8,2.5,-0.25,0.25,20,500,5,500,0.9,1.00E+06,0,1.00E+12
His_342,100,5.00E+06,100,4.00E+06,0.00E+00,1.00E+02,0.1,1,0.001,0.25,0,2,0.8,2.5,-0.25,0.25,20,500,5,500,0.9,1.00E+06,0,1.00E+12
His_343,100,5.00E+06,100,4.00E+06,0.00E+00,1.00E+02,0.1,1,0.001,0.25,0,2,0.8,2.5,-0.25,0.25,20,500,5,500,0.9,1.00E+06,0,1.00E+12
His_440,100,5.00E+06,100,4.00E+06,0.00E+00,1.00E+02,0.1,1,0.001,0.25,0,2,0.8,2.5,-0.25,0.25,20,500,5,500,0.9,1.00E+06,0,1.00E+12
His_441,100,5.00E+06,100,4.00E+06,0.00E+00,1.00E+02,0.1,1,0.001,0.25,0,2,0.8,2.5,-0.25,0.25,20,500,5,500,0.9,1.00E+06,0,1.00E+12
His_442,100,5.00E+06,100,4.00E+06,0.00E+00,1.00E+02,0.1,1,0.001,0.25,0,2,0.8,2.5,-0.25,0.25,20,500,5,500,0.9,1.00E+06,0,1.00E+12
His_443,100,5.00E+06,100,4.00E+06,0.00E+00,1.00E+02,0.1,1,0.001,0.25,0,2,0.8,2.5,-0.25,0.25,20,500,5,500,0.9,1.00E+06,0,1.00E+12
His_444,100,5.00E+06,100,4.00E+06,0.00E+00,1.00E+02,0.1,1,0.001,0.25,0,2,0.8,2.5,-0.25,0.25,20,500,5,500,0.9,1.00E+06,0,1.00E+12
His_445,100,5.00E+06,100,4.00E+06,0.00E+00,1.00E+02,0.1,1,0.001,0.25,0,2,0.8,2.5,-0.25,0.25,20,500,5,500,0.9,1.00E+06,0,1.00E+12
His_446,100,5.00E+06,100,4.00E+06,0.00E+00,1.00E+02,0.1,1,0.001,0.25,0,2,0.8,2.5,-0.25,0.25,20,500,5,500,0.9,1.00E+06,0,1.00E+12
Tyr_302,100,5.00E+06,100,4.00E+06,0.00E+00,1.00E+02,0.1,1,0.001,0.25,0,2,0.8,2.5,-0.25,0.25,20,500,5,500,0.9,1.00E+06,0,1.00E+12
Tyr_303,100,5.00E+06,100,4.00E+06,0.00E+00,1.00E+02,0.1,1,0.001,0.25,0,2,0.8,2.5,-0.25,0.25,20,500,5,500,0.9,1.00E+06,0,1.00E+12
Tyr_304,100,5.00E+06,100,4.00E+06,0.00E+00,1.00E+02,0.1,1,0.001,0.25,0,2,0.8,2.5,-0.25,0.25,20,500,5,500,0.9,1.00E+06,0,1.00E+12
