component_name,metaValue_peak_apex_int_l,metaValue_peak_apex_int_u,metaValue_peak_apex_int_l,metaValue_peak_apex_int_u,metaValue_peak_apex_position_l,metaValue_peak_apex_position_u,metaValue_total_width_l,metaValue_total_width_u,metaValue_width_at_50_l,metaValue_width_at_50_u,metaValue_tailing_factor_l,metaValue_tailing_factor_u,metaValue_asymmetry_factor_l,metaValue_asymmetry_factor_u,metaValue_baseline_delta_2_height_l,metaValue_baseline_delta_2_height_u,metaValue_points_across_baseline_l,metaValue_points_across_baseline_u,metaValue_points_across_half_height_l,metaValue_points_across_half_height_u,metaValue_logSN_l,metaValue_logSN_u,metaValue_calculated_concentration_l,metaValue_calculated_concentration_u
arg-L.arg-L_1.Heavy,100,5.00E+06,100,4.00E+06,0.00E+00,1.00E+02,0.1,1,0.001,0.25,0,2,0.8,2.5,-0.25,0.25,20,500,5,500,1,1.00E+06,0,1.00E+12
arg-L.arg-L_1.Light,100,5.00E+06,100,4.00E+06,0.00E+00,1.00E+02,0.1,1,0.001,0.25,0,2,0.8,2.5,-0.25,0.25,20,500,5,500,1,1.00E+06,0,1.00E+12
orn.orn_1.Heavy,100,5.00E+06,100,4.00E+06,0.00E+00,1.00E+02,0.1,1,0.001,0.25,0,2,0.8,2.5,-0.25,0.25,20,500,5,500,1,1.00E+06,0,1.00E+12
orn.orn_1.Light,100,5.00E+06,100,4.00E+06,0.00E+00,1.00E+02,0.1,1,0.001,0.25,0,2,0.8,2.5,-0.25,0.25,20,500,5,500,1,1.00E+06,0,1.00E+12
asn-L.asn-L_1.Heavy,100,5.00E+06,100,4.00E+06,0.00E+00,1.00E+02,0.1,1,0.001,0.25,0,2,0.8,2.5,-0.25,0.25,20,500,5,500,1,1.00E+06,0,1.00E+12
asn-L.asn-L_1.Light,100,5.00E+06,100,4.00E+06,0.00E+00,1.00E+02,0.1,1,0.001,0.25,0,2,0.8,2.5,-0.25,0.25,20,500,5,500,1,1.00E+06,0,1.00E+12
asn-L.asn-L_2.Light,100,5.00E+06,100,4.00E+06,0.00E+00,1.00E+02,0.1,1,0.001,0.25,0,2,0.8,2.5,-0.25,0.25,20,500,5,500,1,1.00E+06,0,1.00E+12
ser-L.ser-L_1.Heavy,100,5.00E+06,100,4.00E+06,0.00E+00,1.00E+02,0.1,1,0.001,0.25,0,2,0.8,2.5,-0.25,0.25,20,500,5,500,1,1.00E+06,0,1.00E+12
ser-L.ser-L_1.Light,100,5.00E+06,100,4.00E+06,0.00E+00,1.00E+02,0.1,1,0.001,0.25,0,2,0.8,2.5,-0.25,0.25,20,500,5,500,1,1.00E+06,0,1.00E+12
ser-L.ser-L_2.Light,100,5.00E+06,100,4.00E+06,0.00E+00,1.00E+02,0.1,1,0.001,0.25,0,2,0.8,2.5,-0.25,0.25,20,500,5,500,1,1.00E+06,0,1.00E+12
citr-L.citr-L_1.Heavy,100,5.00E+06,100,4.00E+06,0.00E+00,1.00E+02,0.1,1,0.001,0.25,0,2,0.8,2.5,-0.25,0.25,20,500,5,500,1,1.00E+06,0,1.00E+12
citr-L.citr-L_1.Light,100,5.00E+06,100,4.00E+06,0.00E+00,1.00E+02,0.1,1,0.001,0.25,0,2,0.8,2.5,-0.25,0.25,20,500,5,500,1,1.00E+06,0,1.00E+12
gln-L.gln-L_1.Heavy,100,5.00E+06,100,4.00E+06,0.00E+00,1.00E+02,0.1,1,0.001,0.25,0,2,0.8,2.5,-0.25,0.25,20,500,5,500,1,1.00E+06,0,1.00E+12
gln-L.gln-L_1.Light,100,5.00E+06,100,4.00E+06,0.00E+00,1.00E+02,0.1,1,0.001,0.25,0,2,0.8,2.5,-0.25,0.25,20,500,5,500,1,1.00E+06,0,1.00E+12
gln-L.gln-L_2.Light,100,5.00E+06,100,4.00E+06,0.00E+00,1.00E+02,0.1,1,0.001,0.25,0,2,0.8,2.5,-0.25,0.25,20,500,5,500,1,1.00E+06,0,1.00E+12
Hexose_Pool_fru_glc-D.Hexose_Pool_fru_glc-D_1.Heavy,100,5.00E+06,100,4.00E+06,0.00E+00,1.00E+02,0.1,1,0.001,0.25,0,2,0.8,2.5,-0.25,0.25,20,500,5,500,1,1.00E+06,0,1.00E+12
Hexose_Pool_fru_glc-D.Hexose_Pool_fru_glc-D_1.Light,100,5.00E+06,100,4.00E+06,0.00E+00,1.00E+02,0.1,1,0.001,0.25,0,2,0.8,2.5,-0.25,0.25,20,500,5,500,1,1.00E+06,0,1.00E+12
Hexose_Pool_fru_glc-D.Hexose_Pool_fru_glc-D_2.Light,100,5.00E+06,100,4.00E+06,0.00E+00,1.00E+02,0.1,1,0.001,0.25,0,2,0.8,2.5,-0.25,0.25,20,500,5,500,1,1.00E+06,0,1.00E+12
Lcystin.Lcystin_1.Heavy,100,5.00E+06,100,4.00E+06,0.00E+00,1.00E+02,0.1,1,0.001,0.25,0,2,0.8,2.5,-0.25,0.25,20,500,5,500,1,1.00E+06,0,1.00E+12
Lcystin.Lcystin_1.Light,100,5.00E+06,100,4.00E+06,0.00E+00,1.00E+02,0.1,1,0.001,0.25,0,2,0.8,2.5,-0.25,0.25,20,500,5,500,1,1.00E+06,0,1.00E+12
thr-L.thr-L_1.Heavy,100,5.00E+06,100,4.00E+06,0.00E+00,1.00E+02,0.1,1,0.001,0.25,0,2,0.8,2.5,-0.25,0.25,20,500,5,500,1,1.00E+06,0,1.00E+12
thr-L.thr-L_1.Light,100,5.00E+06,100,4.00E+06,0.00E+00,1.00E+02,0.1,1,0.001,0.25,0,2,0.8,2.5,-0.25,0.25,20,500,5,500,1,1.00E+06,0,1.00E+12
ala-L.ala-L_1.Heavy,100,5.00E+06,100,4.00E+06,0.00E+00,1.00E+02,0.1,1,0.001,0.25,0,2,0.8,2.5,-0.25,0.25,20,500,5,500,1,1.00E+06,0,1.00E+12
ala-L.ala-L_1.Light,100,5.00E+06,100,4.00E+06,0.00E+00,1.00E+02,0.1,1,0.001,0.25,0,2,0.8,2.5,-0.25,0.25,20,500,5,500,1,1.00E+06,0,1.00E+12
ala-L.ala-L_2.Light,100,5.00E+06,100,4.00E+06,0.00E+00,1.00E+02,0.1,1,0.001,0.25,0,2,0.8,2.5,-0.25,0.25,20,500,5,500,1,1.00E+06,0,1.00E+12
his-L.his-L_1.Heavy,100,5.00E+06,100,4.00E+06,0.00E+00,1.00E+02,0.1,1,0.001,0.25,0,2,0.8,2.5,-0.25,0.25,20,500,5,500,1,1.00E+06,0,1.00E+12
his-L.his-L_1.Light,100,5.00E+06,100,4.00E+06,0.00E+00,1.00E+02,0.1,1,0.001,0.25,0,2,0.8,2.5,-0.25,0.25,20,500,5,500,1,1.00E+06,0,1.00E+12
his-L.his-L_2.Light,100,5.00E+06,100,4.00E+06,0.00E+00,1.00E+02,0.1,1,0.001,0.25,0,2,0.8,2.5,-0.25,0.25,20,500,5,500,1,1.00E+06,0,1.00E+12
cytd.cytd_1.Heavy,100,5.00E+06,100,4.00E+06,0.00E+00,1.00E+02,0.1,1,0.001,0.25,0,2,0.8,2.5,-0.25,0.25,20,500,5,500,1,1.00E+06,0,1.00E+12
cytd.cytd_1.Light,100,5.00E+06,100,4.00E+06,0.00E+00,1.00E+02,0.1,1,0.001,0.25,0,2,0.8,2.5,-0.25,0.25,20,500,5,500,1,1.00E+06,0,1.00E+12
ura.ura_1.Heavy,100,5.00E+06,100,4.00E+06,0.00E+00,1.00E+02,0.1,1,0.001,0.25,0,2,0.8,2.5,-0.25,0.25,20,500,5,500,1,1.00E+06,0,1.00E+12
ura.ura_1.Light,100,5.00E+06,100,4.00E+06,0.00E+00,1.00E+02,0.1,1,0.001,0.25,0,2,0.8,2.5,-0.25,0.25,20,500,5,500,1,1.00E+06,0,1.00E+12
AICAr.AICAr_1.Heavy,100,5.00E+06,100,4.00E+06,0.00E+00,1.00E+02,0.1,1,0.001,0.25,0,2,0.8,2.5,-0.25,0.25,20,500,5,500,1,1.00E+06,0,1.00E+12
AICAr.AICAr_1.Light,100,5.00E+06,100,4.00E+06,0.00E+00,1.00E+02,0.1,1,0.001,0.25,0,2,0.8,2.5,-0.25,0.25,20,500,5,500,1,1.00E+06,0,1.00E+12
met-L.met-L_1.Heavy,100,5.00E+06,100,4.00E+06,0.00E+00,1.00E+02,0.1,1,0.001,0.25,0,2,0.8,2.5,-0.25,0.25,20,500,5,500,1,1.00E+06,0,1.00E+12
met-L.met-L_1.Light,100,5.00E+06,100,4.00E+06,0.00E+00,1.00E+02,0.1,1,0.001,0.25,0,2,0.8,2.5,-0.25,0.25,20,500,5,500,1,1.00E+06,0,1.00E+12
uri.uri_1.Heavy,100,5.00E+06,100,4.00E+06,0.00E+00,1.00E+02,0.1,1,0.001,0.25,0,2,0.8,2.5,-0.25,0.25,20,500,5,500,1,1.00E+06,0,1.00E+12
uri.uri_1.Light,100,5.00E+06,100,4.00E+06,0.00E+00,1.00E+02,0.1,1,0.001,0.25,0,2,0.8,2.5,-0.25,0.25,20,500,5,500,1,1.00E+06,0,1.00E+12
uri.uri_2.Light,100,5.00E+06,100,4.00E+06,0.00E+00,1.00E+02,0.1,1,0.001,0.25,0,2,0.8,2.5,-0.25,0.25,20,500,5,500,1,1.00E+06,0,1.00E+12
gua.gua_1.Heavy,100,5.00E+06,100,4.00E+06,0.00E+00,1.00E+02,0.1,1,0.001,0.25,0,2,0.8,2.5,-0.25,0.25,20,500,5,500,1,1.00E+06,0,1.00E+12
gua.gua_1.Light,100,5.00E+06,100,4.00E+06,0.00E+00,1.00E+02,0.1,1,0.001,0.25,0,2,0.8,2.5,-0.25,0.25,20,500,5,500,1,1.00E+06,0,1.00E+12
hxan.hxan_1.Heavy,100,5.00E+06,100,4.00E+06,0.00E+00,1.00E+02,0.1,1,0.001,0.25,0,2,0.8,2.5,-0.25,0.25,20,500,5,500,1,1.00E+06,0,1.00E+12
hxan.hxan_1.Light,100,5.00E+06,100,4.00E+06,0.00E+00,1.00E+02,0.1,1,0.001,0.25,0,2,0.8,2.5,-0.25,0.25,20,500,5,500,1,1.00E+06,0,1.00E+12
tyr-L.tyr-L_1.Heavy,100,5.00E+06,100,4.00E+06,0.00E+00,1.00E+02,0.1,1,0.001,0.25,0,2,0.8,2.5,-0.25,0.25,20,500,5,500,1,1.00E+06,0,1.00E+12
tyr-L.tyr-L_1.Light,100,5.00E+06,100,4.00E+06,0.00E+00,1.00E+02,0.1,1,0.001,0.25,0,2,0.8,2.5,-0.25,0.25,20,500,5,500,1,1.00E+06,0,1.00E+12
tyr-L.tyr-L_2.Light,100,5.00E+06,100,4.00E+06,0.00E+00,1.00E+02,0.1,1,0.001,0.25,0,2,0.8,2.5,-0.25,0.25,20,500,5,500,1,1.00E+06,0,1.00E+12
xan.xan_1.Heavy,100,5.00E+06,100,4.00E+06,0.00E+00,1.00E+02,0.1,1,0.001,0.25,0,2,0.8,2.5,-0.25,0.25,20,500,5,500,1,1.00E+06,0,1.00E+12
xan.xan_1.Light,100,5.00E+06,100,4.00E+06,0.00E+00,1.00E+02,0.1,1,0.001,0.25,0,2,0.8,2.5,-0.25,0.25,20,500,5,500,1,1.00E+06,0,1.00E+12
ins.ins_1.Heavy,100,5.00E+06,100,4.00E+06,0.00E+00,1.00E+02,0.1,1,0.001,0.25,0,2,0.8,2.5,-0.25,0.25,20,500,5,500,1,1.00E+06,0,1.00E+12
ins.ins_1.Light,100,5.00E+06,100,4.00E+06,0.00E+00,1.00E+02,0.1,1,0.001,0.25,0,2,0.8,2.5,-0.25,0.25,20,500,5,500,1,1.00E+06,0,1.00E+12
ins.ins_2.Light,100,5.00E+06,100,4.00E+06,0.00E+00,1.00E+02,0.1,1,0.001,0.25,0,2,0.8,2.5,-0.25,0.25,20,500,5,500,1,1.00E+06,0,1.00E+12
gsn.gsn_1.Heavy,100,5.00E+06,100,4.00E+06,0.00E+00,1.00E+02,0.1,1,0.001,0.25,0,2,0.8,2.5,-0.25,0.25,20,500,5,500,1,1.00E+06,0,1.00E+12
gsn.gsn_1.Light,100,5.00E+06,100,4.00E+06,0.00E+00,1.00E+02,0.1,1,0.001,0.25,0,2,0.8,2.5,-0.25,0.25,20,500,5,500,1,1.00E+06,0,1.00E+12
gsn.gsn_2.Light,100,5.00E+06,100,4.00E+06,0.00E+00,1.00E+02,0.1,1,0.001,0.25,0,2,0.8,2.5,-0.25,0.25,20,500,5,500,1,1.00E+06,0,1.00E+12
thym.thym_1.Heavy,100,5.00E+06,100,4.00E+06,0.00E+00,1.00E+02,0.1,1,0.001,0.25,0,2,0.8,2.5,-0.25,0.25,20,500,5,500,1,1.00E+06,0,1.00E+12
thym.thym_1.Light,100,5.00E+06,100,4.00E+06,0.00E+00,1.00E+02,0.1,1,0.001,0.25,0,2,0.8,2.5,-0.25,0.25,20,500,5,500,1,1.00E+06,0,1.00E+12
ade.ade_1.Heavy,100,5.00E+06,100,4.00E+06,0.00E+00,1.00E+02,0.1,1,0.001,0.25,0,2,0.8,2.5,-0.25,0.25,20,500,5,500,1,1.00E+06,0,1.00E+12
ade.ade_1.Light,100,5.00E+06,100,4.00E+06,0.00E+00,1.00E+02,0.1,1,0.001,0.25,0,2,0.8,2.5,-0.25,0.25,20,500,5,500,1,1.00E+06,0,1.00E+12
ade.ade_2.Light,100,5.00E+06,100,4.00E+06,0.00E+00,1.00E+02,0.1,1,0.001,0.25,0,2,0.8,2.5,-0.25,0.25,20,500,5,500,1,1.00E+06,0,1.00E+12
gam6p.gam6p_1.Heavy,100,5.00E+06,100,4.00E+06,0.00E+00,1.00E+02,0.1,1,0.001,0.25,0,2,0.8,2.5,-0.25,0.25,20,500,5,500,1,1.00E+06,0,1.00E+12
gam6p.gam6p_1.Light,100,5.00E+06,100,4.00E+06,0.00E+00,1.00E+02,0.1,1,0.001,0.25,0,2,0.8,2.5,-0.25,0.25,20,500,5,500,1,1.00E+06,0,1.00E+12
gam6p.gam6p_2.Light,100,5.00E+06,100,4.00E+06,0.00E+00,1.00E+02,0.1,1,0.001,0.25,0,2,0.8,2.5,-0.25,0.25,20,500,5,500,1,1.00E+06,0,1.00E+12
adn.adn_1.Heavy,100,5.00E+06,100,4.00E+06,0.00E+00,1.00E+02,0.1,1,0.001,0.25,0,2,0.8,2.5,-0.25,0.25,20,500,5,500,1,1.00E+06,0,1.00E+12
adn.adn_1.Light,100,5.00E+06,100,4.00E+06,0.00E+00,1.00E+02,0.1,1,0.001,0.25,0,2,0.8,2.5,-0.25,0.25,20,500,5,500,1,1.00E+06,0,1.00E+12
phe-L.phe-L_1.Heavy,100,5.00E+06,100,4.00E+06,0.00E+00,1.00E+02,0.1,1,0.001,0.25,0,2,0.8,2.5,-0.25,0.25,20,500,5,500,1,1.00E+06,0,1.00E+12
phe-L.phe-L_1.Light,100,5.00E+06,100,4.00E+06,0.00E+00,1.00E+02,0.1,1,0.001,0.25,0,2,0.8,2.5,-0.25,0.25,20,500,5,500,1,1.00E+06,0,1.00E+12
phe-L.phe-L_2.Light,100,5.00E+06,100,4.00E+06,0.00E+00,1.00E+02,0.1,1,0.001,0.25,0,2,0.8,2.5,-0.25,0.25,20,500,5,500,1,1.00E+06,0,1.00E+12
asp-L.asp-L_1.Heavy,100,5.00E+06,100,4.00E+06,0.00E+00,1.00E+02,0.1,1,0.001,0.25,0,2,0.8,2.5,-0.25,0.25,20,500,5,500,1,1.00E+06,0,1.00E+12
asp-L.asp-L_1.Light,100,5.00E+06,100,4.00E+06,0.00E+00,1.00E+02,0.1,1,0.001,0.25,0,2,0.8,2.5,-0.25,0.25,20,500,5,500,1,1.00E+06,0,1.00E+12
asp-L.asp-L_2.Light,100,5.00E+06,100,4.00E+06,0.00E+00,1.00E+02,0.1,1,0.001,0.25,0,2,0.8,2.5,-0.25,0.25,20,500,5,500,1,1.00E+06,0,1.00E+12
glu-L.glu-L_1.Heavy,100,5.00E+06,100,4.00E+06,0.00E+00,1.00E+02,0.1,1,0.001,0.25,0,2,0.8,2.5,-0.25,0.25,20,500,5,500,1,1.00E+06,0,1.00E+12
glu-L.glu-L_1.Light,100,5.00E+06,100,4.00E+06,0.00E+00,1.00E+02,0.1,1,0.001,0.25,0,2,0.8,2.5,-0.25,0.25,20,500,5,500,1,1.00E+06,0,1.00E+12
glu-L.glu-L_2.Light,100,5.00E+06,100,4.00E+06,0.00E+00,1.00E+02,0.1,1,0.001,0.25,0,2,0.8,2.5,-0.25,0.25,20,500,5,500,1,1.00E+06,0,1.00E+12
skm.skm_1.Heavy,100,5.00E+06,100,4.00E+06,0.00E+00,1.00E+02,0.1,1,0.001,0.25,0,2,0.8,2.5,-0.25,0.25,20,500,5,500,1,1.00E+06,0,1.00E+12
skm.skm_1.Light,100,5.00E+06,100,4.00E+06,0.00E+00,1.00E+02,0.1,1,0.001,0.25,0,2,0.8,2.5,-0.25,0.25,20,500,5,500,1,1.00E+06,0,1.00E+12
skm.skm_2.Light,100,5.00E+06,100,4.00E+06,0.00E+00,1.00E+02,0.1,1,0.001,0.25,0,2,0.8,2.5,-0.25,0.25,20,500,5,500,1,1.00E+06,0,1.00E+12
glx.glx_1.Heavy,100,5.00E+06,100,4.00E+06,0.00E+00,1.00E+02,0.1,1,0.001,0.25,0,2,0.8,2.5,-0.25,0.25,20,500,5,500,1,1.00E+06,0,1.00E+12
glx.glx_1.Light,100,5.00E+06,100,4.00E+06,0.00E+00,1.00E+02,0.1,1,0.001,0.25,0,2,0.8,2.5,-0.25,0.25,20,500,5,500,1,1.00E+06,0,1.00E+12
glyclt.glyclt_1.Heavy,100,5.00E+06,100,4.00E+06,0.00E+00,1.00E+02,0.1,1,0.001,0.25,0,2,0.8,2.5,-0.25,0.25,20,500,5,500,1,1.00E+06,0,1.00E+12
glyclt.glyclt_1.Light,100,5.00E+06,100,4.00E+06,0.00E+00,1.00E+02,0.1,1,0.001,0.25,0,2,0.8,2.5,-0.25,0.25,20,500,5,500,1,1.00E+06,0,1.00E+12
glyclt.glyclt_2.Light,100,5.00E+06,100,4.00E+06,0.00E+00,1.00E+02,0.1,1,0.001,0.25,0,2,0.8,2.5,-0.25,0.25,20,500,5,500,1,1.00E+06,0,1.00E+12
trp-L.trp-L_1.Heavy,100,5.00E+06,100,4.00E+06,0.00E+00,1.00E+02,0.1,1,0.001,0.25,0,2,0.8,2.5,-0.25,0.25,20,500,5,500,1,1.00E+06,0,1.00E+12
trp-L.trp-L_1.Light,100,5.00E+06,100,4.00E+06,0.00E+00,1.00E+02,0.1,1,0.001,0.25,0,2,0.8,2.5,-0.25,0.25,20,500,5,500,1,1.00E+06,0,1.00E+12
trp-L.trp-L_2.Light,100,5.00E+06,100,4.00E+06,0.00E+00,1.00E+02,0.1,1,0.001,0.25,0,2,0.8,2.5,-0.25,0.25,20,500,5,500,1,1.00E+06,0,1.00E+12
5oxpro.5oxpro_1.Heavy,100,5.00E+06,100,4.00E+06,0.00E+00,1.00E+02,0.1,1,0.001,0.25,0,2,0.8,2.5,-0.25,0.25,20,500,5,500,1,1.00E+06,0,1.00E+12
5oxpro.5oxpro_1.Light,100,5.00E+06,100,4.00E+06,0.00E+00,1.00E+02,0.1,1,0.001,0.25,0,2,0.8,2.5,-0.25,0.25,20,500,5,500,1,1.00E+06,0,1.00E+12
5oxpro.5oxpro_2.Light,100,5.00E+06,100,4.00E+06,0.00E+00,1.00E+02,0.1,1,0.001,0.25,0,2,0.8,2.5,-0.25,0.25,20,500,5,500,1,1.00E+06,0,1.00E+12
lac-L.lac-L_1.Heavy,100,5.00E+06,100,4.00E+06,0.00E+00,1.00E+02,0.1,1,0.001,0.25,0,2,0.8,2.5,-0.25,0.25,20,500,5,500,1,1.00E+06,0,1.00E+12
lac-L.lac-L_1.Light,100,5.00E+06,100,4.00E+06,0.00E+00,1.00E+02,0.1,1,0.001,0.25,0,2,0.8,2.5,-0.25,0.25,20,500,5,500,1,1.00E+06,0,1.00E+12
lac-L.lac-L_2.Light,100,5.00E+06,100,4.00E+06,0.00E+00,1.00E+02,0.1,1,0.001,0.25,0,2,0.8,2.5,-0.25,0.25,20,500,5,500,1,1.00E+06,0,1.00E+12
urate.urate_1.Heavy,100,5.00E+06,100,4.00E+06,0.00E+00,1.00E+02,0.1,1,0.001,0.25,0,2,0.8,2.5,-0.25,0.25,20,500,5,500,1,1.00E+06,0,1.00E+12
urate.urate_1.Light,100,5.00E+06,100,4.00E+06,0.00E+00,1.00E+02,0.1,1,0.001,0.25,0,2,0.8,2.5,-0.25,0.25,20,500,5,500,1,1.00E+06,0,1.00E+12
urate.urate_2.Light,100,5.00E+06,100,4.00E+06,0.00E+00,1.00E+02,0.1,1,0.001,0.25,0,2,0.8,2.5,-0.25,0.25,20,500,5,500,1,1.00E+06,0,1.00E+12
gthrd.gthrd_1.Heavy,100,5.00E+06,100,4.00E+06,0.00E+00,1.00E+02,0.1,1,0.001,0.25,0,2,0.8,2.5,-0.25,0.25,20,500,5,500,1,1.00E+06,0,1.00E+12
gthrd.gthrd_1.Light,100,5.00E+06,100,4.00E+06,0.00E+00,1.00E+02,0.1,1,0.001,0.25,0,2,0.8,2.5,-0.25,0.25,20,500,5,500,1,1.00E+06,0,1.00E+12
gthrd.gthrd_2.Light,100,5.00E+06,100,4.00E+06,0.00E+00,1.00E+02,0.1,1,0.001,0.25,0,2,0.8,2.5,-0.25,0.25,20,500,5,500,1,1.00E+06,0,1.00E+12
nad.nad_1.Heavy,100,5.00E+06,100,4.00E+06,0.00E+00,1.00E+02,0.1,1,0.001,0.25,0,2,0.8,2.5,-0.25,0.25,20,500,5,500,1,1.00E+06,0,1.00E+12
nad.nad_1.Light,100,5.00E+06,100,4.00E+06,0.00E+00,1.00E+02,0.1,1,0.001,0.25,0,2,0.8,2.5,-0.25,0.25,20,500,5,500,1,1.00E+06,0,1.00E+12
nad.nad_2.Light,100,5.00E+06,100,4.00E+06,0.00E+00,1.00E+02,0.1,1,0.001,0.25,0,2,0.8,2.5,-0.25,0.25,20,500,5,500,1,1.00E+06,0,1.00E+12
pyr.pyr_1.Heavy,100,5.00E+06,100,4.00E+06,0.00E+00,1.00E+02,0.1,1,0.001,0.25,0,2,0.8,2.5,-0.25,0.25,20,500,5,500,1,1.00E+06,0,1.00E+12
pyr.pyr_1.Light,100,5.00E+06,100,4.00E+06,0.00E+00,1.00E+02,0.1,1,0.001,0.25,0,2,0.8,2.5,-0.25,0.25,20,500,5,500,1,1.00E+06,0,1.00E+12
pyr.pyr_2.Light,100,5.00E+06,100,4.00E+06,0.00E+00,1.00E+02,0.1,1,0.001,0.25,0,2,0.8,2.5,-0.25,0.25,20,500,5,500,1,1.00E+06,0,1.00E+12
g3p.g3p_1.Heavy,100,5.00E+06,100,4.00E+06,0.00E+00,1.00E+02,0.1,1,0.001,0.25,0,2,0.8,2.5,-0.25,0.25,20,500,5,500,1,1.00E+06,0,1.00E+12
g3p.g3p_1.Light,100,5.00E+06,100,4.00E+06,0.00E+00,1.00E+02,0.1,1,0.001,0.25,0,2,0.8,2.5,-0.25,0.25,20,500,5,500,1,1.00E+06,0,1.00E+12
g3p.g3p_2.Light,100,5.00E+06,100,4.00E+06,0.00E+00,1.00E+02,0.1,1,0.001,0.25,0,2,0.8,2.5,-0.25,0.25,20,500,5,500,1,1.00E+06,0,1.00E+12
g6p.g6p_1.Heavy,100,5.00E+06,100,4.00E+06,0.00E+00,1.00E+02,0.1,1,0.001,0.25,0,2,0.8,2.5,-0.25,0.25,20,500,5,500,1,1.00E+06,0,1.00E+12
g6p.g6p_1.Light,100,5.00E+06,100,4.00E+06,0.00E+00,1.00E+02,0.1,1,0.001,0.25,0,2,0.8,2.5,-0.25,0.25,20,500,5,500,1,1.00E+06,0,1.00E+12
g6p.g6p_2.Heavy,100,5.00E+06,100,4.00E+06,0.00E+00,1.00E+02,0.1,1,0.001,0.25,0,2,0.8,2.5,-0.25,0.25,20,500,5,500,1,1.00E+06,0,1.00E+12
g6p.g6p_2.Light,100,5.00E+06,100,4.00E+06,0.00E+00,1.00E+02,0.1,1,0.001,0.25,0,2,0.8,2.5,-0.25,0.25,20,500,5,500,1,1.00E+06,0,1.00E+12
r5p.r5p_1.Heavy,100,5.00E+06,100,4.00E+06,0.00E+00,1.00E+02,0.1,1,0.001,0.25,0,2,0.8,2.5,-0.25,0.25,20,500,5,500,1,1.00E+06,0,1.00E+12
r5p.r5p_1.Light,100,5.00E+06,100,4.00E+06,0.00E+00,1.00E+02,0.1,1,0.001,0.25,0,2,0.8,2.5,-0.25,0.25,20,500,5,500,1,1.00E+06,0,1.00E+12
r5p.r5p_2.Light,100,5.00E+06,100,4.00E+06,0.00E+00,1.00E+02,0.1,1,0.001,0.25,0,2,0.8,2.5,-0.25,0.25,20,500,5,500,1,1.00E+06,0,1.00E+12
f6p.f6p_1.Heavy,100,5.00E+06,100,4.00E+06,0.00E+00,1.00E+02,0.1,1,0.001,0.25,0,2,0.8,2.5,-0.25,0.25,20,500,5,500,1,1.00E+06,0,1.00E+12
f6p.f6p_1.Light,100,5.00E+06,100,4.00E+06,0.00E+00,1.00E+02,0.1,1,0.001,0.25,0,2,0.8,2.5,-0.25,0.25,20,500,5,500,1,1.00E+06,0,1.00E+12
f6p.f6p_2.Light,100,5.00E+06,100,4.00E+06,0.00E+00,1.00E+02,0.1,1,0.001,0.25,0,2,0.8,2.5,-0.25,0.25,20,500,5,500,1,1.00E+06,0,1.00E+12
s7p.s7p_1.Heavy,100,5.00E+06,100,4.00E+06,0.00E+00,1.00E+02,0.1,1,0.001,0.25,0,2,0.8,2.5,-0.25,0.25,20,500,5,500,1,1.00E+06,0,1.00E+12
s7p.s7p_1.Light,100,5.00E+06,100,4.00E+06,0.00E+00,1.00E+02,0.1,1,0.001,0.25,0,2,0.8,2.5,-0.25,0.25,20,500,5,500,1,1.00E+06,0,1.00E+12
s7p.s7p_2.Light,100,5.00E+06,100,4.00E+06,0.00E+00,1.00E+02,0.1,1,0.001,0.25,0,2,0.8,2.5,-0.25,0.25,20,500,5,500,1,1.00E+06,0,1.00E+12
glyc3p.glyc3p_1.Heavy,100,5.00E+06,100,4.00E+06,0.00E+00,1.00E+02,0.1,1,0.001,0.25,0,2,0.8,2.5,-0.25,0.25,20,500,5,500,1,1.00E+06,0,1.00E+12
glyc3p.glyc3p_1.Light,100,5.00E+06,100,4.00E+06,0.00E+00,1.00E+02,0.1,1,0.001,0.25,0,2,0.8,2.5,-0.25,0.25,20,500,5,500,1,1.00E+06,0,1.00E+12
glyc3p.glyc3p_2.Light,100,5.00E+06,100,4.00E+06,0.00E+00,1.00E+02,0.1,1,0.001,0.25,0,2,0.8,2.5,-0.25,0.25,20,500,5,500,1,1.00E+06,0,1.00E+12
g1p.g1p_1.Heavy,100,5.00E+06,100,4.00E+06,0.00E+00,1.00E+02,0.1,1,0.001,0.25,0,2,0.8,2.5,-0.25,0.25,20,500,5,500,1,1.00E+06,0,1.00E+12
g1p.g1p_1.Light,100,5.00E+06,100,4.00E+06,0.00E+00,1.00E+02,0.1,1,0.001,0.25,0,2,0.8,2.5,-0.25,0.25,20,500,5,500,1,1.00E+06,0,1.00E+12
g1p.g1p_2.Light,100,5.00E+06,100,4.00E+06,0.00E+00,1.00E+02,0.1,1,0.001,0.25,0,2,0.8,2.5,-0.25,0.25,20,500,5,500,1,1.00E+06,0,1.00E+12
ru5p-D.ru5p-D_1.Heavy,100,5.00E+06,100,4.00E+06,0.00E+00,1.00E+02,0.1,1,0.001,0.25,0,2,0.8,2.5,-0.25,0.25,20,500,5,500,1,1.00E+06,0,1.00E+12
ru5p-D.ru5p-D_1.Light,100,5.00E+06,100,4.00E+06,0.00E+00,1.00E+02,0.1,1,0.001,0.25,0,2,0.8,2.5,-0.25,0.25,20,500,5,500,1,1.00E+06,0,1.00E+12
ru5p-D.ru5p-D_2.Light,100,5.00E+06,100,4.00E+06,0.00E+00,1.00E+02,0.1,1,0.001,0.25,0,2,0.8,2.5,-0.25,0.25,20,500,5,500,1,1.00E+06,0,1.00E+12
cmp.cmp_1.Heavy,100,5.00E+06,100,4.00E+06,0.00E+00,1.00E+02,0.1,1,0.001,0.25,0,2,0.8,2.5,-0.25,0.25,20,500,5,500,1,1.00E+06,0,1.00E+12
cmp.cmp_1.Light,100,5.00E+06,100,4.00E+06,0.00E+00,1.00E+02,0.1,1,0.001,0.25,0,2,0.8,2.5,-0.25,0.25,20,500,5,500,1,1.00E+06,0,1.00E+12
cmp.cmp_2.Light,100,5.00E+06,100,4.00E+06,0.00E+00,1.00E+02,0.1,1,0.001,0.25,0,2,0.8,2.5,-0.25,0.25,20,500,5,500,1,1.00E+06,0,1.00E+12
2obut.2obut_1.Heavy,100,5.00E+06,100,4.00E+06,0.00E+00,1.00E+02,0.1,1,0.001,0.25,0,2,0.8,2.5,-0.25,0.25,20,500,5,500,1,1.00E+06,0,1.00E+12
2obut.2obut_1.Light,100,5.00E+06,100,4.00E+06,0.00E+00,1.00E+02,0.1,1,0.001,0.25,0,2,0.8,2.5,-0.25,0.25,20,500,5,500,1,1.00E+06,0,1.00E+12
2obut.2obut_2.Light,100,5.00E+06,100,4.00E+06,0.00E+00,1.00E+02,0.1,1,0.001,0.25,0,2,0.8,2.5,-0.25,0.25,20,500,5,500,1,1.00E+06,0,1.00E+12
f1p.f1p_1.Heavy,100,5.00E+06,100,4.00E+06,0.00E+00,1.00E+02,0.1,1,0.001,0.25,0,2,0.8,2.5,-0.25,0.25,20,500,5,500,1,1.00E+06,0,1.00E+12
f1p.f1p_1.Light,100,5.00E+06,100,4.00E+06,0.00E+00,1.00E+02,0.1,1,0.001,0.25,0,2,0.8,2.5,-0.25,0.25,20,500,5,500,1,1.00E+06,0,1.00E+12
f1p.f1p_2.Light,100,5.00E+06,100,4.00E+06,0.00E+00,1.00E+02,0.1,1,0.001,0.25,0,2,0.8,2.5,-0.25,0.25,20,500,5,500,1,1.00E+06,0,1.00E+12
dcmp.dcmp_1.Heavy,100,5.00E+06,100,4.00E+06,0.00E+00,1.00E+02,0.1,1,0.001,0.25,0,2,0.8,2.5,-0.25,0.25,20,500,5,500,1,1.00E+06,0,1.00E+12
dcmp.dcmp_1.Light,100,5.00E+06,100,4.00E+06,0.00E+00,1.00E+02,0.1,1,0.001,0.25,0,2,0.8,2.5,-0.25,0.25,20,500,5,500,1,1.00E+06,0,1.00E+12
dcmp.dcmp_2.Light,100,5.00E+06,100,4.00E+06,0.00E+00,1.00E+02,0.1,1,0.001,0.25,0,2,0.8,2.5,-0.25,0.25,20,500,5,500,1,1.00E+06,0,1.00E+12
ump.ump_1.Heavy,100,5.00E+06,100,4.00E+06,0.00E+00,1.00E+02,0.1,1,0.001,0.25,0,2,0.8,2.5,-0.25,0.25,20,500,5,500,1,1.00E+06,0,1.00E+12
ump.ump_1.Light,100,5.00E+06,100,4.00E+06,0.00E+00,1.00E+02,0.1,1,0.001,0.25,0,2,0.8,2.5,-0.25,0.25,20,500,5,500,1,1.00E+06,0,1.00E+12
ump.ump_2.Light,100,5.00E+06,100,4.00E+06,0.00E+00,1.00E+02,0.1,1,0.001,0.25,0,2,0.8,2.5,-0.25,0.25,20,500,5,500,1,1.00E+06,0,1.00E+12
dhap.dhap_1.Heavy,100,5.00E+06,100,4.00E+06,0.00E+00,1.00E+02,0.1,1,0.001,0.25,0,2,0.8,2.5,-0.25,0.25,20,500,5,500,1,1.00E+06,0,1.00E+12
dhap.dhap_1.Light,100,5.00E+06,100,4.00E+06,0.00E+00,1.00E+02,0.1,1,0.001,0.25,0,2,0.8,2.5,-0.25,0.25,20,500,5,500,1,1.00E+06,0,1.00E+12
dhap.dhap_2.Light,100,5.00E+06,100,4.00E+06,0.00E+00,1.00E+02,0.1,1,0.001,0.25,0,2,0.8,2.5,-0.25,0.25,20,500,5,500,1,1.00E+06,0,1.00E+12
dump.dump_1.Heavy,100,5.00E+06,100,4.00E+06,0.00E+00,1.00E+02,0.1,1,0.001,0.25,0,2,0.8,2.5,-0.25,0.25,20,500,5,500,1,1.00E+06,0,1.00E+12
dump.dump_1.Light,100,5.00E+06,100,4.00E+06,0.00E+00,1.00E+02,0.1,1,0.001,0.25,0,2,0.8,2.5,-0.25,0.25,20,500,5,500,1,1.00E+06,0,1.00E+12
dump.dump_2.Light,100,5.00E+06,100,4.00E+06,0.00E+00,1.00E+02,0.1,1,0.001,0.25,0,2,0.8,2.5,-0.25,0.25,20,500,5,500,1,1.00E+06,0,1.00E+12
dimp.dimp_1.Heavy,100,5.00E+06,100,4.00E+06,0.00E+00,1.00E+02,0.1,1,0.001,0.25,0,2,0.8,2.5,-0.25,0.25,20,500,5,500,1,1.00E+06,0,1.00E+12
dimp.dimp_1.Light,100,5.00E+06,100,4.00E+06,0.00E+00,1.00E+02,0.1,1,0.001,0.25,0,2,0.8,2.5,-0.25,0.25,20,500,5,500,1,1.00E+06,0,1.00E+12
dimp.dimp_2.Light,100,5.00E+06,100,4.00E+06,0.00E+00,1.00E+02,0.1,1,0.001,0.25,0,2,0.8,2.5,-0.25,0.25,20,500,5,500,1,1.00E+06,0,1.00E+12
35cgmp.35cgmp_1.Heavy,100,5.00E+06,100,4.00E+06,0.00E+00,1.00E+02,0.1,1,0.001,0.25,0,2,0.8,2.5,-0.25,0.25,20,500,5,500,1,1.00E+06,0,1.00E+12
35cgmp.35cgmp_1.Light,100,5.00E+06,100,4.00E+06,0.00E+00,1.00E+02,0.1,1,0.001,0.25,0,2,0.8,2.5,-0.25,0.25,20,500,5,500,1,1.00E+06,0,1.00E+12
35cgmp.35cgmp_2.Light,100,5.00E+06,100,4.00E+06,0.00E+00,1.00E+02,0.1,1,0.001,0.25,0,2,0.8,2.5,-0.25,0.25,20,500,5,500,1,1.00E+06,0,1.00E+12
dgmp.dgmp_1.Heavy,100,5.00E+06,100,4.00E+06,0.00E+00,1.00E+02,0.1,1,0.001,0.25,0,2,0.8,2.5,-0.25,0.25,20,500,5,500,1,1.00E+06,0,1.00E+12
dgmp.dgmp_1.Light,100,5.00E+06,100,4.00E+06,0.00E+00,1.00E+02,0.1,1,0.001,0.25,0,2,0.8,2.5,-0.25,0.25,20,500,5,500,1,1.00E+06,0,1.00E+12
dgmp.dgmp_2.Light,100,5.00E+06,100,4.00E+06,0.00E+00,1.00E+02,0.1,1,0.001,0.25,0,2,0.8,2.5,-0.25,0.25,20,500,5,500,1,1.00E+06,0,1.00E+12
dtmp.dtmp_1.Heavy,100,5.00E+06,100,4.00E+06,0.00E+00,1.00E+02,0.1,1,0.001,0.25,0,2,0.8,2.5,-0.25,0.25,20,500,5,500,1,1.00E+06,0,1.00E+12
dtmp.dtmp_1.Light,100,5.00E+06,100,4.00E+06,0.00E+00,1.00E+02,0.1,1,0.001,0.25,0,2,0.8,2.5,-0.25,0.25,20,500,5,500,1,1.00E+06,0,1.00E+12
ribflv.ribflv_1.Heavy,100,5.00E+06,100,4.00E+06,0.00E+00,1.00E+02,0.1,1,0.001,0.25,0,2,0.8,2.5,-0.25,0.25,20,500,5,500,1,1.00E+06,0,1.00E+12
ribflv.ribflv_1.Light,100,5.00E+06,100,4.00E+06,0.00E+00,1.00E+02,0.1,1,0.001,0.25,0,2,0.8,2.5,-0.25,0.25,20,500,5,500,1,1.00E+06,0,1.00E+12
amp.amp_1.Heavy,100,5.00E+06,100,4.00E+06,0.00E+00,1.00E+02,0.1,1,0.001,0.25,0,2,0.8,2.5,-0.25,0.25,20,500,5,500,1,1.00E+06,0,1.00E+12
amp.amp_1.Light,100,5.00E+06,100,4.00E+06,0.00E+00,1.00E+02,0.1,1,0.001,0.25,0,2,0.8,2.5,-0.25,0.25,20,500,5,500,1,1.00E+06,0,1.00E+12
amp.amp_2.Light,100,5.00E+06,100,4.00E+06,0.00E+00,1.00E+02,0.1,1,0.001,0.25,0,2,0.8,2.5,-0.25,0.25,20,500,5,500,1,1.00E+06,0,1.00E+12
gmp.gmp_1.Heavy,100,5.00E+06,100,4.00E+06,0.00E+00,1.00E+02,0.1,1,0.001,0.25,0,2,0.8,2.5,-0.25,0.25,20,500,5,500,1,1.00E+06,0,1.00E+12
gmp.gmp_1.Light,100,5.00E+06,100,4.00E+06,0.00E+00,1.00E+02,0.1,1,0.001,0.25,0,2,0.8,2.5,-0.25,0.25,20,500,5,500,1,1.00E+06,0,1.00E+12
gmp.gmp_2.Light,100,5.00E+06,100,4.00E+06,0.00E+00,1.00E+02,0.1,1,0.001,0.25,0,2,0.8,2.5,-0.25,0.25,20,500,5,500,1,1.00E+06,0,1.00E+12
imp.imp_1.Heavy,100,5.00E+06,100,4.00E+06,0.00E+00,1.00E+02,0.1,1,0.001,0.25,0,2,0.8,2.5,-0.25,0.25,20,500,5,500,1,1.00E+06,0,1.00E+12
imp.imp_1.Light,100,5.00E+06,100,4.00E+06,0.00E+00,1.00E+02,0.1,1,0.001,0.25,0,2,0.8,2.5,-0.25,0.25,20,500,5,500,1,1.00E+06,0,1.00E+12
imp.imp_2.Light,100,5.00E+06,100,4.00E+06,0.00E+00,1.00E+02,0.1,1,0.001,0.25,0,2,0.8,2.5,-0.25,0.25,20,500,5,500,1,1.00E+06,0,1.00E+12
camp.camp_1.Heavy,100,5.00E+06,100,4.00E+06,0.00E+00,1.00E+02,0.1,1,0.001,0.25,0,2,0.8,2.5,-0.25,0.25,20,500,5,500,1,1.00E+06,0,1.00E+12
camp.camp_1.Light,100,5.00E+06,100,4.00E+06,0.00E+00,1.00E+02,0.1,1,0.001,0.25,0,2,0.8,2.5,-0.25,0.25,20,500,5,500,1,1.00E+06,0,1.00E+12
camp.camp_2.Light,100,5.00E+06,100,4.00E+06,0.00E+00,1.00E+02,0.1,1,0.001,0.25,0,2,0.8,2.5,-0.25,0.25,20,500,5,500,1,1.00E+06,0,1.00E+12
gthox.gthox_1.Heavy,100,5.00E+06,100,4.00E+06,0.00E+00,1.00E+02,0.1,1,0.001,0.25,0,2,0.8,2.5,-0.25,0.25,20,500,5,500,1,1.00E+06,0,1.00E+12
gthox.gthox_1.Light,100,5.00E+06,100,4.00E+06,0.00E+00,1.00E+02,0.1,1,0.001,0.25,0,2,0.8,2.5,-0.25,0.25,20,500,5,500,1,1.00E+06,0,1.00E+12
gthox.gthox_2.Light,100,5.00E+06,100,4.00E+06,0.00E+00,1.00E+02,0.1,1,0.001,0.25,0,2,0.8,2.5,-0.25,0.25,20,500,5,500,1,1.00E+06,0,1.00E+12
btn.btn_1.Heavy,100,5.00E+06,100,4.00E+06,0.00E+00,1.00E+02,0.1,1,0.001,0.25,0,2,0.8,2.5,-0.25,0.25,20,500,5,500,1,1.00E+06,0,1.00E+12
btn.btn_1.Light,100,5.00E+06,100,4.00E+06,0.00E+00,1.00E+02,0.1,1,0.001,0.25,0,2,0.8,2.5,-0.25,0.25,20,500,5,500,1,1.00E+06,0,1.00E+12
btn.btn_2.Light,100,5.00E+06,100,4.00E+06,0.00E+00,1.00E+02,0.1,1,0.001,0.25,0,2,0.8,2.5,-0.25,0.25,20,500,5,500,1,1.00E+06,0,1.00E+12
mmal.mmal_1.Heavy,100,5.00E+06,100,4.00E+06,0.00E+00,1.00E+02,0.1,1,0.001,0.25,0,2,0.8,2.5,-0.25,0.25,20,500,5,500,1,1.00E+06,0,1.00E+12
mmal.mmal_1.Light,100,5.00E+06,100,4.00E+06,0.00E+00,1.00E+02,0.1,1,0.001,0.25,0,2,0.8,2.5,-0.25,0.25,20,500,5,500,1,1.00E+06,0,1.00E+12
mmal.mmal_2.Light,100,5.00E+06,100,4.00E+06,0.00E+00,1.00E+02,0.1,1,0.001,0.25,0,2,0.8,2.5,-0.25,0.25,20,500,5,500,1,1.00E+06,0,1.00E+12
succ.succ_1.Heavy,100,5.00E+06,100,4.00E+06,0.00E+00,1.00E+02,0.1,1,0.001,0.25,0,2,0.8,2.5,-0.25,0.25,20,500,5,500,1,1.00E+06,0,1.00E+12
succ.succ_1.Light,100,5.00E+06,100,4.00E+06,0.00E+00,1.00E+02,0.1,1,0.001,0.25,0,2,0.8,2.5,-0.25,0.25,20,500,5,500,1,1.00E+06,0,1.00E+12
succ.succ_2.Light,100,5.00E+06,100,4.00E+06,0.00E+00,1.00E+02,0.1,1,0.001,0.25,0,2,0.8,2.5,-0.25,0.25,20,500,5,500,1,1.00E+06,0,1.00E+12
mal-L.mal-L_1.Heavy,100,5.00E+06,100,4.00E+06,0.00E+00,1.00E+02,0.1,1,0.001,0.25,0,2,0.8,2.5,-0.25,0.25,20,500,5,500,1,1.00E+06,0,1.00E+12
mal-L.mal-L_1.Light,100,5.00E+06,100,4.00E+06,0.00E+00,1.00E+02,0.1,1,0.001,0.25,0,2,0.8,2.5,-0.25,0.25,20,500,5,500,1,1.00E+06,0,1.00E+12
glutacon.glutacon_1.Heavy,100,5.00E+06,100,4.00E+06,0.00E+00,1.00E+02,0.1,1,0.001,0.25,0,2,0.8,2.5,-0.25,0.25,20,500,5,500,1,1.00E+06,0,1.00E+12
glutacon.glutacon_1.Light,100,5.00E+06,100,4.00E+06,0.00E+00,1.00E+02,0.1,1,0.001,0.25,0,2,0.8,2.5,-0.25,0.25,20,500,5,500,1,1.00E+06,0,1.00E+12
fum.fum_1.Heavy,100,5.00E+06,100,4.00E+06,0.00E+00,1.00E+02,0.1,1,0.001,0.25,0,2,0.8,2.5,-0.25,0.25,20,500,5,500,1,1.00E+06,0,1.00E+12
fum.fum_1.Light,100,5.00E+06,100,4.00E+06,0.00E+00,1.00E+02,0.1,1,0.001,0.25,0,2,0.8,2.5,-0.25,0.25,20,500,5,500,1,1.00E+06,0,1.00E+12
udpg.udpg_1.Heavy,100,5.00E+06,100,4.00E+06,0.00E+00,1.00E+02,0.1,1,0.001,0.25,0,2,0.8,2.5,-0.25,0.25,20,500,5,500,1,1.00E+06,0,1.00E+12
udpg.udpg_1.Light,100,5.00E+06,100,4.00E+06,0.00E+00,1.00E+02,0.1,1,0.001,0.25,0,2,0.8,2.5,-0.25,0.25,20,500,5,500,1,1.00E+06,0,1.00E+12
udpg.udpg_2.Light,100,5.00E+06,100,4.00E+06,0.00E+00,1.00E+02,0.1,1,0.001,0.25,0,2,0.8,2.5,-0.25,0.25,20,500,5,500,1,1.00E+06,0,1.00E+12
damp.damp_1.Heavy,100,5.00E+06,100,4.00E+06,0.00E+00,1.00E+02,0.1,1,0.001,0.25,0,2,0.8,2.5,-0.25,0.25,20,500,5,500,1,1.00E+06,0,1.00E+12
damp.damp_1.Light,100,5.00E+06,100,4.00E+06,0.00E+00,1.00E+02,0.1,1,0.001,0.25,0,2,0.8,2.5,-0.25,0.25,20,500,5,500,1,1.00E+06,0,1.00E+12
damp.damp_2.Light,100,5.00E+06,100,4.00E+06,0.00E+00,1.00E+02,0.1,1,0.001,0.25,0,2,0.8,2.5,-0.25,0.25,20,500,5,500,1,1.00E+06,0,1.00E+12
oxa.oxa_1.Heavy,100,5.00E+06,100,4.00E+06,0.00E+00,1.00E+02,0.1,1,0.001,0.25,0,2,0.8,2.5,-0.25,0.25,20,500,5,500,1,1.00E+06,0,1.00E+12
oxa.oxa_1.Light,100,5.00E+06,100,4.00E+06,0.00E+00,1.00E+02,0.1,1,0.001,0.25,0,2,0.8,2.5,-0.25,0.25,20,500,5,500,1,1.00E+06,0,1.00E+12
oxa.oxa_2.Light,100,5.00E+06,100,4.00E+06,0.00E+00,1.00E+02,0.1,1,0.001,0.25,0,2,0.8,2.5,-0.25,0.25,20,500,5,500,1,1.00E+06,0,1.00E+12
actp.actp_1.Heavy,100,5.00E+06,100,4.00E+06,0.00E+00,1.00E+02,0.1,1,0.001,0.25,0,2,0.8,2.5,-0.25,0.25,20,500,5,500,1,1.00E+06,0,1.00E+12
actp.actp_1.Light,100,5.00E+06,100,4.00E+06,0.00E+00,1.00E+02,0.1,1,0.001,0.25,0,2,0.8,2.5,-0.25,0.25,20,500,5,500,1,1.00E+06,0,1.00E+12
actp.actp_2.Light,100,5.00E+06,100,4.00E+06,0.00E+00,1.00E+02,0.1,1,0.001,0.25,0,2,0.8,2.5,-0.25,0.25,20,500,5,500,1,1.00E+06,0,1.00E+12
akg.akg_1.Heavy,100,5.00E+06,100,4.00E+06,0.00E+00,1.00E+02,0.1,1,0.001,0.25,0,2,0.8,2.5,-0.25,0.25,20,500,5,500,1,1.00E+06,0,1.00E+12
akg.akg_1.Light,100,5.00E+06,100,4.00E+06,0.00E+00,1.00E+02,0.1,1,0.001,0.25,0,2,0.8,2.5,-0.25,0.25,20,500,5,500,1,1.00E+06,0,1.00E+12
oaa.oaa_1.Heavy,100,5.00E+06,100,4.00E+06,0.00E+00,1.00E+02,0.1,1,0.001,0.25,0,2,0.8,2.5,-0.25,0.25,20,500,5,500,1,1.00E+06,0,1.00E+12
oaa.oaa_1.Light,100,5.00E+06,100,4.00E+06,0.00E+00,1.00E+02,0.1,1,0.001,0.25,0,2,0.8,2.5,-0.25,0.25,20,500,5,500,1,1.00E+06,0,1.00E+12
dtdpglu.dtdpglu_1.Heavy,100,5.00E+06,100,4.00E+06,0.00E+00,1.00E+02,0.1,1,0.001,0.25,0,2,0.8,2.5,-0.25,0.25,20,500,5,500,1,1.00E+06,0,1.00E+12
dtdpglu.dtdpglu_1.Light,100,5.00E+06,100,4.00E+06,0.00E+00,1.00E+02,0.1,1,0.001,0.25,0,2,0.8,2.5,-0.25,0.25,20,500,5,500,1,1.00E+06,0,1.00E+12
dtdpglu.dtdpglu_2.Light,100,5.00E+06,100,4.00E+06,0.00E+00,1.00E+02,0.1,1,0.001,0.25,0,2,0.8,2.5,-0.25,0.25,20,500,5,500,1,1.00E+06,0,1.00E+12
nadh.nadh_1.Heavy,100,5.00E+06,100,4.00E+06,0.00E+00,1.00E+02,0.1,1,0.001,0.25,0,2,0.8,2.5,-0.25,0.25,20,500,5,500,1,1.00E+06,0,1.00E+12
nadh.nadh_1.Light,100,5.00E+06,100,4.00E+06,0.00E+00,1.00E+02,0.1,1,0.001,0.25,0,2,0.8,2.5,-0.25,0.25,20,500,5,500,1,1.00E+06,0,1.00E+12
nadh.nadh_2.Light,100,5.00E+06,100,4.00E+06,0.00E+00,1.00E+02,0.1,1,0.001,0.25,0,2,0.8,2.5,-0.25,0.25,20,500,5,500,1,1.00E+06,0,1.00E+12
adpglc.adpglc_1.Heavy,100,5.00E+06,100,4.00E+06,0.00E+00,1.00E+02,0.1,1,0.001,0.25,0,2,0.8,2.5,-0.25,0.25,20,500,5,500,1,1.00E+06,0,1.00E+12
adpglc.adpglc_1.Light,100,5.00E+06,100,4.00E+06,0.00E+00,1.00E+02,0.1,1,0.001,0.25,0,2,0.8,2.5,-0.25,0.25,20,500,5,500,1,1.00E+06,0,1.00E+12
adpglc.adpglc_2.Light,100,5.00E+06,100,4.00E+06,0.00E+00,1.00E+02,0.1,1,0.001,0.25,0,2,0.8,2.5,-0.25,0.25,20,500,5,500,1,1.00E+06,0,1.00E+12
chor.chor_1.Heavy,100,5.00E+06,100,4.00E+06,0.00E+00,1.00E+02,0.1,1,0.001,0.25,0,2,0.8,2.5,-0.25,0.25,20,500,5,500,1,1.00E+06,0,1.00E+12
chor.chor_1.Light,100,5.00E+06,100,4.00E+06,0.00E+00,1.00E+02,0.1,1,0.001,0.25,0,2,0.8,2.5,-0.25,0.25,20,500,5,500,1,1.00E+06,0,1.00E+12
fol.fol_1.Heavy,100,5.00E+06,100,4.00E+06,0.00E+00,1.00E+02,0.1,1,0.001,0.25,0,2,0.8,2.5,-0.25,0.25,20,500,5,500,1,1.00E+06,0,1.00E+12
fol.fol_1.Light,100,5.00E+06,100,4.00E+06,0.00E+00,1.00E+02,0.1,1,0.001,0.25,0,2,0.8,2.5,-0.25,0.25,20,500,5,500,1,1.00E+06,0,1.00E+12
fol.fol_2.Light,100,5.00E+06,100,4.00E+06,0.00E+00,1.00E+02,0.1,1,0.001,0.25,0,2,0.8,2.5,-0.25,0.25,20,500,5,500,1,1.00E+06,0,1.00E+12
dgdp.dgdp_1.Heavy,100,5.00E+06,100,4.00E+06,0.00E+00,1.00E+02,0.1,1,0.001,0.25,0,2,0.8,2.5,-0.25,0.25,20,500,5,500,1,1.00E+06,0,1.00E+12
dgdp.dgdp_1.Light,100,5.00E+06,100,4.00E+06,0.00E+00,1.00E+02,0.1,1,0.001,0.25,0,2,0.8,2.5,-0.25,0.25,20,500,5,500,1,1.00E+06,0,1.00E+12
dgdp.dgdp_2.Light,100,5.00E+06,100,4.00E+06,0.00E+00,1.00E+02,0.1,1,0.001,0.25,0,2,0.8,2.5,-0.25,0.25,20,500,5,500,1,1.00E+06,0,1.00E+12
gdp.gdp_1.Heavy,100,5.00E+06,100,4.00E+06,0.00E+00,1.00E+02,0.1,1,0.001,0.25,0,2,0.8,2.5,-0.25,0.25,20,500,5,500,1,1.00E+06,0,1.00E+12
gdp.gdp_1.Light,100,5.00E+06,100,4.00E+06,0.00E+00,1.00E+02,0.1,1,0.001,0.25,0,2,0.8,2.5,-0.25,0.25,20,500,5,500,1,1.00E+06,0,1.00E+12
gdp.gdp_2.Light,100,5.00E+06,100,4.00E+06,0.00E+00,1.00E+02,0.1,1,0.001,0.25,0,2,0.8,2.5,-0.25,0.25,20,500,5,500,1,1.00E+06,0,1.00E+12
6pgc.6pgc_1.Heavy,100,5.00E+06,100,4.00E+06,0.00E+00,1.00E+02,0.1,1,0.001,0.25,0,2,0.8,2.5,-0.25,0.25,20,500,5,500,1,1.00E+06,0,1.00E+12
6pgc.6pgc_1.Light,100,5.00E+06,100,4.00E+06,0.00E+00,1.00E+02,0.1,1,0.001,0.25,0,2,0.8,2.5,-0.25,0.25,20,500,5,500,1,1.00E+06,0,1.00E+12
Pool_2pg_3pg.Pool_2pg_3pg_1.Heavy,100,5.00E+06,100,4.00E+06,0.00E+00,1.00E+02,0.1,1,0.001,0.25,0,2,0.8,2.5,-0.25,0.25,20,500,5,500,1,1.00E+06,0,1.00E+12
Pool_2pg_3pg.Pool_2pg_3pg_1.Light,100,5.00E+06,100,4.00E+06,0.00E+00,1.00E+02,0.1,1,0.001,0.25,0,2,0.8,2.5,-0.25,0.25,20,500,5,500,1,1.00E+06,0,1.00E+12
Pool_2pg_3pg.Pool_2pg_3pg_2.Light,100,5.00E+06,100,4.00E+06,0.00E+00,1.00E+02,0.1,1,0.001,0.25,0,2,0.8,2.5,-0.25,0.25,20,500,5,500,1,1.00E+06,0,1.00E+12
dcdp.dcdp_1.Heavy,100,5.00E+06,100,4.00E+06,0.00E+00,1.00E+02,0.1,1,0.001,0.25,0,2,0.8,2.5,-0.25,0.25,20,500,5,500,1,1.00E+06,0,1.00E+12
dcdp.dcdp_1.Light,100,5.00E+06,100,4.00E+06,0.00E+00,1.00E+02,0.1,1,0.001,0.25,0,2,0.8,2.5,-0.25,0.25,20,500,5,500,1,1.00E+06,0,1.00E+12
dcdp.dcdp_2.Light,100,5.00E+06,100,4.00E+06,0.00E+00,1.00E+02,0.1,1,0.001,0.25,0,2,0.8,2.5,-0.25,0.25,20,500,5,500,1,1.00E+06,0,1.00E+12
adp.adp_1.Heavy,100,5.00E+06,100,4.00E+06,0.00E+00,1.00E+02,0.1,1,0.001,0.25,0,2,0.8,2.5,-0.25,0.25,20,500,5,500,1,1.00E+06,0,1.00E+12
adp.adp_1.Light,100,5.00E+06,100,4.00E+06,0.00E+00,1.00E+02,0.1,1,0.001,0.25,0,2,0.8,2.5,-0.25,0.25,20,500,5,500,1,1.00E+06,0,1.00E+12
adp.adp_2.Light,100,5.00E+06,100,4.00E+06,0.00E+00,1.00E+02,0.1,1,0.001,0.25,0,2,0.8,2.5,-0.25,0.25,20,500,5,500,1,1.00E+06,0,1.00E+12
2mcit.2mcit_1.Heavy,100,5.00E+06,100,4.00E+06,0.00E+00,1.00E+02,0.1,1,0.001,0.25,0,2,0.8,2.5,-0.25,0.25,20,500,5,500,1,1.00E+06,0,1.00E+12
2mcit.2mcit_1.Light,100,5.00E+06,100,4.00E+06,0.00E+00,1.00E+02,0.1,1,0.001,0.25,0,2,0.8,2.5,-0.25,0.25,20,500,5,500,1,1.00E+06,0,1.00E+12
2mcit.2mcit_2.Light,100,5.00E+06,100,4.00E+06,0.00E+00,1.00E+02,0.1,1,0.001,0.25,0,2,0.8,2.5,-0.25,0.25,20,500,5,500,1,1.00E+06,0,1.00E+12
udp.udp_1.Heavy,100,5.00E+06,100,4.00E+06,0.00E+00,1.00E+02,0.1,1,0.001,0.25,0,2,0.8,2.5,-0.25,0.25,20,500,5,500,1,1.00E+06,0,1.00E+12
udp.udp_1.Light,100,5.00E+06,100,4.00E+06,0.00E+00,1.00E+02,0.1,1,0.001,0.25,0,2,0.8,2.5,-0.25,0.25,20,500,5,500,1,1.00E+06,0,1.00E+12
udp.udp_2.Light,100,5.00E+06,100,4.00E+06,0.00E+00,1.00E+02,0.1,1,0.001,0.25,0,2,0.8,2.5,-0.25,0.25,20,500,5,500,1,1.00E+06,0,1.00E+12
acon-C.acon-C_1.Heavy,100,5.00E+06,100,4.00E+06,0.00E+00,1.00E+02,0.1,1,0.001,0.25,0,2,0.8,2.5,-0.25,0.25,20,500,5,500,1,1.00E+06,0,1.00E+12
acon-C.acon-C_1.Light,100,5.00E+06,100,4.00E+06,0.00E+00,1.00E+02,0.1,1,0.001,0.25,0,2,0.8,2.5,-0.25,0.25,20,500,5,500,1,1.00E+06,0,1.00E+12
acon-C.acon-C_2.Light,100,5.00E+06,100,4.00E+06,0.00E+00,1.00E+02,0.1,1,0.001,0.25,0,2,0.8,2.5,-0.25,0.25,20,500,5,500,1,1.00E+06,0,1.00E+12
nadp.nadp_1.Heavy,100,5.00E+06,100,4.00E+06,0.00E+00,1.00E+02,0.1,1,0.001,0.25,0,2,0.8,2.5,-0.25,0.25,20,500,5,500,1,1.00E+06,0,1.00E+12
nadp.nadp_1.Light,100,5.00E+06,100,4.00E+06,0.00E+00,1.00E+02,0.1,1,0.001,0.25,0,2,0.8,2.5,-0.25,0.25,20,500,5,500,1,1.00E+06,0,1.00E+12
nadp.nadp_2.Light,100,5.00E+06,100,4.00E+06,0.00E+00,1.00E+02,0.1,1,0.001,0.25,0,2,0.8,2.5,-0.25,0.25,20,500,5,500,1,1.00E+06,0,1.00E+12
pep.pep_1.Heavy,100,5.00E+06,100,4.00E+06,0.00E+00,1.00E+02,0.1,1,0.001,0.25,0,2,0.8,2.5,-0.25,0.25,20,500,5,500,1,1.00E+06,0,1.00E+12
pep.pep_1.Light,100,5.00E+06,100,4.00E+06,0.00E+00,1.00E+02,0.1,1,0.001,0.25,0,2,0.8,2.5,-0.25,0.25,20,500,5,500,1,1.00E+06,0,1.00E+12
pep.pep_2.Light,100,5.00E+06,100,4.00E+06,0.00E+00,1.00E+02,0.1,1,0.001,0.25,0,2,0.8,2.5,-0.25,0.25,20,500,5,500,1,1.00E+06,0,1.00E+12
dadp.dadp_1.Heavy,100,5.00E+06,100,4.00E+06,0.00E+00,1.00E+02,0.1,1,0.001,0.25,0,2,0.8,2.5,-0.25,0.25,20,500,5,500,1,1.00E+06,0,1.00E+12
dadp.dadp_1.Light,100,5.00E+06,100,4.00E+06,0.00E+00,1.00E+02,0.1,1,0.001,0.25,0,2,0.8,2.5,-0.25,0.25,20,500,5,500,1,1.00E+06,0,1.00E+12
dadp.dadp_2.Light,100,5.00E+06,100,4.00E+06,0.00E+00,1.00E+02,0.1,1,0.001,0.25,0,2,0.8,2.5,-0.25,0.25,20,500,5,500,1,1.00E+06,0,1.00E+12
cit.cit_1.Heavy,100,5.00E+06,100,4.00E+06,0.00E+00,1.00E+02,0.1,1,0.001,0.25,0,2,0.8,2.5,-0.25,0.25,20,500,5,500,1,1.00E+06,0,1.00E+12
cit.cit_1.Light,100,5.00E+06,100,4.00E+06,0.00E+00,1.00E+02,0.1,1,0.001,0.25,0,2,0.8,2.5,-0.25,0.25,20,500,5,500,1,1.00E+06,0,1.00E+12
cit.cit_2.Light,100,5.00E+06,100,4.00E+06,0.00E+00,1.00E+02,0.1,1,0.001,0.25,0,2,0.8,2.5,-0.25,0.25,20,500,5,500,1,1.00E+06,0,1.00E+12
Pool_cit_icit.Pool_cit_icit_1.Heavy,100,5.00E+06,100,4.00E+06,0.00E+00,1.00E+02,0.1,1,0.001,0.25,0,2,0.8,2.5,-0.25,0.25,20,500,5,500,1,1.00E+06,0,1.00E+12
icit.icit_1.Heavy,100,5.00E+06,100,4.00E+06,0.00E+00,1.00E+02,0.1,1,0.001,0.25,0,2,0.8,2.5,-0.25,0.25,20,500,5,500,1,1.00E+06,0,1.00E+12
icit.icit_1.Light,100,5.00E+06,100,4.00E+06,0.00E+00,1.00E+02,0.1,1,0.001,0.25,0,2,0.8,2.5,-0.25,0.25,20,500,5,500,1,1.00E+06,0,1.00E+12
icit.icit_2.Light,100,5.00E+06,100,4.00E+06,0.00E+00,1.00E+02,0.1,1,0.001,0.25,0,2,0.8,2.5,-0.25,0.25,20,500,5,500,1,1.00E+06,0,1.00E+12
fad.fad_1.Heavy,100,5.00E+06,100,4.00E+06,0.00E+00,1.00E+02,0.1,1,0.001,0.25,0,2,0.8,2.5,-0.25,0.25,20,500,5,500,1,1.00E+06,0,1.00E+12
fad.fad_1.Light,100,5.00E+06,100,4.00E+06,0.00E+00,1.00E+02,0.1,1,0.001,0.25,0,2,0.8,2.5,-0.25,0.25,20,500,5,500,1,1.00E+06,0,1.00E+12
fad.fad_2.Light,100,5.00E+06,100,4.00E+06,0.00E+00,1.00E+02,0.1,1,0.001,0.25,0,2,0.8,2.5,-0.25,0.25,20,500,5,500,1,1.00E+06,0,1.00E+12
fdp.fdp_1.Heavy,100,5.00E+06,100,4.00E+06,0.00E+00,1.00E+02,0.1,1,0.001,0.25,0,2,0.8,2.5,-0.25,0.25,20,500,5,500,1,1.00E+06,0,1.00E+12
fdp.fdp_1.Light,100,5.00E+06,100,4.00E+06,0.00E+00,1.00E+02,0.1,1,0.001,0.25,0,2,0.8,2.5,-0.25,0.25,20,500,5,500,1,1.00E+06,0,1.00E+12
fdp.fdp_2.Light,100,5.00E+06,100,4.00E+06,0.00E+00,1.00E+02,0.1,1,0.001,0.25,0,2,0.8,2.5,-0.25,0.25,20,500,5,500,1,1.00E+06,0,1.00E+12
udpglcur.udpglcur_1.Heavy,100,5.00E+06,100,4.00E+06,0.00E+00,1.00E+02,0.1,1,0.001,0.25,0,2,0.8,2.5,-0.25,0.25,20,500,5,500,1,1.00E+06,0,1.00E+12
udpglcur.udpglcur_1.Light,100,5.00E+06,100,4.00E+06,0.00E+00,1.00E+02,0.1,1,0.001,0.25,0,2,0.8,2.5,-0.25,0.25,20,500,5,500,1,1.00E+06,0,1.00E+12
udpglcur.udpglcur_2.Light,100,5.00E+06,100,4.00E+06,0.00E+00,1.00E+02,0.1,1,0.001,0.25,0,2,0.8,2.5,-0.25,0.25,20,500,5,500,1,1.00E+06,0,1.00E+12
dgtp.dgtp_1.Heavy,100,5.00E+06,100,4.00E+06,0.00E+00,1.00E+02,0.1,1,0.001,0.25,0,2,0.8,2.5,-0.25,0.25,20,500,5,500,1,1.00E+06,0,1.00E+12
dgtp.dgtp_1.Light,100,5.00E+06,100,4.00E+06,0.00E+00,1.00E+02,0.1,1,0.001,0.25,0,2,0.8,2.5,-0.25,0.25,20,500,5,500,1,1.00E+06,0,1.00E+12
ctp.ctp_1.Heavy,100,5.00E+06,100,4.00E+06,0.00E+00,1.00E+02,0.1,1,0.001,0.25,0,2,0.8,2.5,-0.25,0.25,20,500,5,500,1,1.00E+06,0,1.00E+12
ctp.ctp_1.Light,100,5.00E+06,100,4.00E+06,0.00E+00,1.00E+02,0.1,1,0.001,0.25,0,2,0.8,2.5,-0.25,0.25,20,500,5,500,1,1.00E+06,0,1.00E+12
ctp.ctp_2.Light,100,5.00E+06,100,4.00E+06,0.00E+00,1.00E+02,0.1,1,0.001,0.25,0,2,0.8,2.5,-0.25,0.25,20,500,5,500,1,1.00E+06,0,1.00E+12
dctp.dctp_1.Heavy,100,5.00E+06,100,4.00E+06,0.00E+00,1.00E+02,0.1,1,0.001,0.25,0,2,0.8,2.5,-0.25,0.25,20,500,5,500,1,1.00E+06,0,1.00E+12
dctp.dctp_1.Light,100,5.00E+06,100,4.00E+06,0.00E+00,1.00E+02,0.1,1,0.001,0.25,0,2,0.8,2.5,-0.25,0.25,20,500,5,500,1,1.00E+06,0,1.00E+12
dctp.dctp_2.Light,100,5.00E+06,100,4.00E+06,0.00E+00,1.00E+02,0.1,1,0.001,0.25,0,2,0.8,2.5,-0.25,0.25,20,500,5,500,1,1.00E+06,0,1.00E+12
ditp.ditp_1.Heavy,100,5.00E+06,100,4.00E+06,0.00E+00,1.00E+02,0.1,1,0.001,0.25,0,2,0.8,2.5,-0.25,0.25,20,500,5,500,1,1.00E+06,0,1.00E+12
ditp.ditp_1.Light,100,5.00E+06,100,4.00E+06,0.00E+00,1.00E+02,0.1,1,0.001,0.25,0,2,0.8,2.5,-0.25,0.25,20,500,5,500,1,1.00E+06,0,1.00E+12
ditp.ditp_2.Light,100,5.00E+06,100,4.00E+06,0.00E+00,1.00E+02,0.1,1,0.001,0.25,0,2,0.8,2.5,-0.25,0.25,20,500,5,500,1,1.00E+06,0,1.00E+12
dutp.dutp_1.Heavy,100,5.00E+06,100,4.00E+06,0.00E+00,1.00E+02,0.1,1,0.001,0.25,0,2,0.8,2.5,-0.25,0.25,20,500,5,500,1,1.00E+06,0,1.00E+12
dutp.dutp_1.Light,100,5.00E+06,100,4.00E+06,0.00E+00,1.00E+02,0.1,1,0.001,0.25,0,2,0.8,2.5,-0.25,0.25,20,500,5,500,1,1.00E+06,0,1.00E+12
dutp.dutp_2.Light,100,5.00E+06,100,4.00E+06,0.00E+00,1.00E+02,0.1,1,0.001,0.25,0,2,0.8,2.5,-0.25,0.25,20,500,5,500,1,1.00E+06,0,1.00E+12
itp.itp_1.Heavy,100,5.00E+06,100,4.00E+06,0.00E+00,1.00E+02,0.1,1,0.001,0.25,0,2,0.8,2.5,-0.25,0.25,20,500,5,500,1,1.00E+06,0,1.00E+12
itp.itp_1.Light,100,5.00E+06,100,4.00E+06,0.00E+00,1.00E+02,0.1,1,0.001,0.25,0,2,0.8,2.5,-0.25,0.25,20,500,5,500,1,1.00E+06,0,1.00E+12
itp.itp_2.Light,100,5.00E+06,100,4.00E+06,0.00E+00,1.00E+02,0.1,1,0.001,0.25,0,2,0.8,2.5,-0.25,0.25,20,500,5,500,1,1.00E+06,0,1.00E+12
utp.utp_1.Heavy,100,5.00E+06,100,4.00E+06,0.00E+00,1.00E+02,0.1,1,0.001,0.25,0,2,0.8,2.5,-0.25,0.25,20,500,5,500,1,1.00E+06,0,1.00E+12
utp.utp_1.Light,100,5.00E+06,100,4.00E+06,0.00E+00,1.00E+02,0.1,1,0.001,0.25,0,2,0.8,2.5,-0.25,0.25,20,500,5,500,1,1.00E+06,0,1.00E+12
utp.utp_2.Light,100,5.00E+06,100,4.00E+06,0.00E+00,1.00E+02,0.1,1,0.001,0.25,0,2,0.8,2.5,-0.25,0.25,20,500,5,500,1,1.00E+06,0,1.00E+12
23dpg.23dpg_1.Heavy,100,5.00E+06,100,4.00E+06,0.00E+00,1.00E+02,0.1,1,0.001,0.25,0,2,0.8,2.5,-0.25,0.25,20,500,5,500,1,1.00E+06,0,1.00E+12
23dpg.23dpg_1.Light,100,5.00E+06,100,4.00E+06,0.00E+00,1.00E+02,0.1,1,0.001,0.25,0,2,0.8,2.5,-0.25,0.25,20,500,5,500,1,1.00E+06,0,1.00E+12
23dpg.23dpg_2.Light,100,5.00E+06,100,4.00E+06,0.00E+00,1.00E+02,0.1,1,0.001,0.25,0,2,0.8,2.5,-0.25,0.25,20,500,5,500,1,1.00E+06,0,1.00E+12
atp.atp_1.Heavy,100,5.00E+06,100,4.00E+06,0.00E+00,1.00E+02,0.1,1,0.001,0.25,0,2,0.8,2.5,-0.25,0.25,20,500,5,500,1,1.00E+06,0,1.00E+12
atp.atp_1.Light,100,5.00E+06,100,4.00E+06,0.00E+00,1.00E+02,0.1,1,0.001,0.25,0,2,0.8,2.5,-0.25,0.25,20,500,5,500,1,1.00E+06,0,1.00E+12
atp.atp_2.Light,100,5.00E+06,100,4.00E+06,0.00E+00,1.00E+02,0.1,1,0.001,0.25,0,2,0.8,2.5,-0.25,0.25,20,500,5,500,1,1.00E+06,0,1.00E+12
datp.datp_1.Heavy,100,5.00E+06,100,4.00E+06,0.00E+00,1.00E+02,0.1,1,0.001,0.25,0,2,0.8,2.5,-0.25,0.25,20,500,5,500,1,1.00E+06,0,1.00E+12
datp.datp_1.Light,100,5.00E+06,100,4.00E+06,0.00E+00,1.00E+02,0.1,1,0.001,0.25,0,2,0.8,2.5,-0.25,0.25,20,500,5,500,1,1.00E+06,0,1.00E+12
datp.datp_2.Light,100,5.00E+06,100,4.00E+06,0.00E+00,1.00E+02,0.1,1,0.001,0.25,0,2,0.8,2.5,-0.25,0.25,20,500,5,500,1,1.00E+06,0,1.00E+12
dttp.dttp_1.Heavy,100,5.00E+06,100,4.00E+06,0.00E+00,1.00E+02,0.1,1,0.001,0.25,0,2,0.8,2.5,-0.25,0.25,20,500,5,500,1,1.00E+06,0,1.00E+12
dttp.dttp_1.Light,100,5.00E+06,100,4.00E+06,0.00E+00,1.00E+02,0.1,1,0.001,0.25,0,2,0.8,2.5,-0.25,0.25,20,500,5,500,1,1.00E+06,0,1.00E+12
dttp.dttp_2.Light,100,5.00E+06,100,4.00E+06,0.00E+00,1.00E+02,0.1,1,0.001,0.25,0,2,0.8,2.5,-0.25,0.25,20,500,5,500,1,1.00E+06,0,1.00E+12
gtp.gtp_1.Heavy,100,5.00E+06,100,4.00E+06,0.00E+00,1.00E+02,0.1,1,0.001,0.25,0,2,0.8,2.5,-0.25,0.25,20,500,5,500,1,1.00E+06,0,1.00E+12
gtp.gtp_1.Light,100,5.00E+06,100,4.00E+06,0.00E+00,1.00E+02,0.1,1,0.001,0.25,0,2,0.8,2.5,-0.25,0.25,20,500,5,500,1,1.00E+06,0,1.00E+12
gtp.gtp_2.Light,100,5.00E+06,100,4.00E+06,0.00E+00,1.00E+02,0.1,1,0.001,0.25,0,2,0.8,2.5,-0.25,0.25,20,500,5,500,1,1.00E+06,0,1.00E+12
nadph.nadph_1.Heavy,100,5.00E+06,100,4.00E+06,0.00E+00,1.00E+02,0.1,1,0.001,0.25,0,2,0.8,2.5,-0.25,0.25,20,500,5,500,1,1.00E+06,0,1.00E+12
nadph.nadph_1.Light,100,5.00E+06,100,4.00E+06,0.00E+00,1.00E+02,0.1,1,0.001,0.25,0,2,0.8,2.5,-0.25,0.25,20,500,5,500,1,1.00E+06,0,1.00E+12
nadph.nadph_2.Light,100,5.00E+06,100,4.00E+06,0.00E+00,1.00E+02,0.1,1,0.001,0.25,0,2,0.8,2.5,-0.25,0.25,20,500,5,500,1,1.00E+06,0,1.00E+12
prpp.prpp_1.Heavy,100,5.00E+06,100,4.00E+06,0.00E+00,1.00E+02,0.1,1,0.001,0.25,0,2,0.8,2.5,-0.25,0.25,20,500,5,500,1,1.00E+06,0,1.00E+12
prpp.prpp_1.Light,100,5.00E+06,100,4.00E+06,0.00E+00,1.00E+02,0.1,1,0.001,0.25,0,2,0.8,2.5,-0.25,0.25,20,500,5,500,1,1.00E+06,0,1.00E+12
prpp.prpp_2.Light,100,5.00E+06,100,4.00E+06,0.00E+00,1.00E+02,0.1,1,0.001,0.25,0,2,0.8,2.5,-0.25,0.25,20,500,5,500,1,1.00E+06,0,1.00E+12
phpyr.phpyr_1.Heavy,100,5.00E+06,100,4.00E+06,0.00E+00,1.00E+02,0.1,1,0.001,0.25,0,2,0.8,2.5,-0.25,0.25,20,500,5,500,1,1.00E+06,0,1.00E+12
phpyr.phpyr_1.Light,100,5.00E+06,100,4.00E+06,0.00E+00,1.00E+02,0.1,1,0.001,0.25,0,2,0.8,2.5,-0.25,0.25,20,500,5,500,1,1.00E+06,0,1.00E+12
phpyr.phpyr_2.Light,100,5.00E+06,100,4.00E+06,0.00E+00,1.00E+02,0.1,1,0.001,0.25,0,2,0.8,2.5,-0.25,0.25,20,500,5,500,1,1.00E+06,0,1.00E+12
coa.coa_1.Heavy,100,5.00E+06,100,4.00E+06,0.00E+00,1.00E+02,0.1,1,0.001,0.25,0,2,0.8,2.5,-0.25,0.25,20,500,5,500,1,1.00E+06,0,1.00E+12
coa.coa_1.Light,100,5.00E+06,100,4.00E+06,0.00E+00,1.00E+02,0.1,1,0.001,0.25,0,2,0.8,2.5,-0.25,0.25,20,500,5,500,1,1.00E+06,0,1.00E+12
accoa.accoa_1.Heavy,100,5.00E+06,100,4.00E+06,0.00E+00,1.00E+02,0.1,1,0.001,0.25,0,2,0.8,2.5,-0.25,0.25,20,500,5,500,1,1.00E+06,0,1.00E+12
accoa.accoa_1.Light,100,5.00E+06,100,4.00E+06,0.00E+00,1.00E+02,0.1,1,0.001,0.25,0,2,0.8,2.5,-0.25,0.25,20,500,5,500,1,1.00E+06,0,1.00E+12
malcoa.malcoa_1.Heavy,100,5.00E+06,100,4.00E+06,0.00E+00,1.00E+02,0.1,1,0.001,0.25,0,2,0.8,2.5,-0.25,0.25,20,500,5,500,1,1.00E+06,0,1.00E+12
malcoa.malcoa_1.Light,100,5.00E+06,100,4.00E+06,0.00E+00,1.00E+02,0.1,1,0.001,0.25,0,2,0.8,2.5,-0.25,0.25,20,500,5,500,1,1.00E+06,0,1.00E+12
succoa.succoa_1.Heavy,100,5.00E+06,100,4.00E+06,0.00E+00,1.00E+02,0.1,1,0.001,0.25,0,2,0.8,2.5,-0.25,0.25,20,500,5,500,1,1.00E+06,0,1.00E+12
succoa.succoa_1.Light,100,5.00E+06,100,4.00E+06,0.00E+00,1.00E+02,0.1,1,0.001,0.25,0,2,0.8,2.5,-0.25,0.25,20,500,5,500,1,1.00E+06,0,1.00E+12
